time;gFx;gFy;gFz;TgF
0,001580;-0,0037;-0,0024;1,0041;1,004
0,002216;-0,0046;-0,0024;1,0036;1,004
0,002500;-0,0029;-0,0017;1,0024;1,002
0,002767;-0,0029;-0,0017;1,0022;1,002
0,007009;-0,0034;-0,0017;1,0029;1,003
0,007416;-0,0034;-0,0017;1,0029;1,003
0,007818;-0,0034;-0,0017;1,0027;1,003
0,009841;-0,0032;-0,0029;1,0029;1,003
0,012098;-0,0039;-0,0024;1,0024;1,002
0,013604;-0,0044;-0,0022;1,0019;1,002
0,015503;-0,0022;-0,0015;1,0017;1,002
0,017282;-0,0022;-0,0020;1,0027;1,003
0,019518;-0,0039;-0,0022;1,0034;1,003
0,021305;-0,0034;-0,0029;1,0027;1,003
0,030050;-0,0029;-0,0042;1,0007;1,001
0,030238;-0,0029;-0,0042;1,0007;1,001
0,030337;-0,0029;-0,0042;1,0007;1,001
0,030433;-0,0027;-0,0032;1,0014;1,001
0,032108;-0,0044;-0,0056;1,0024;1,002
0,033341;-0,0039;-0,0049;1,0022;1,002
0,035578;-0,0039;-0,0024;1,0012;1,001
0,037744;-0,0049;-0,0024;1,0017;1,002
0,039547;-0,0044;-0,0024;1,0019;1,002
0,041552;-0,0046;-0,0032;1,0010;1,001
0,047230;-0,0044;-0,0027;1,0010;1,001
0,047462;-0,0039;-0,0027;1,0017;1,002
0,047583;-0,0046;-0,0020;1,0022;1,002
0,049573;-0,0051;-0,0012;1,0027;1,003
0,051809;-0,0044;-0,0010;1,0032;1,003
0,053308;-0,0037;-0,0007;1,0022;1,002
0,055905;-0,0037;-0,0012;1,0014;1,001
0,057715;-0,0046;-0,0010;1,0017;1,002
0,059994;-0,0046;-0,0010;1,0012;1,001
0,062283;-0,0049;-0,0012;1,0019;1,002
0,067170;-0,0061;-0,0020;1,0044;1,004
0,067357;-0,0056;-0,0020;1,0034;1,003
0,067631;-0,0049;-0,0022;1,0024;1,002
0,069422;-0,0039;-0,0024;1,0019;1,002
0,071602;-0,0042;-0,0024;1,0032;1,003
0,073485;-0,0049;-0,0027;1,0036;1,004
0,075335;-0,0044;-0,0022;1,0024;1,002
0,079685;-0,0051;-0,0024;1,0029;1,003
0,081483;-0,0046;-0,0015;1,0029;1,003
0,082556;-0,0046;-0,0024;1,0024;1,002
0,087061;-0,0046;-0,0020;1,0034;1,003
0,087250;-0,0046;-0,0020;1,0034;1,003
0,087552;-0,0037;-0,0020;1,0029;1,003
0,089630;-0,0037;-0,0022;1,0019;1,002
0,092110;-0,0046;-0,0022;1,0017;1,002
0,093417;-0,0049;-0,0022;1,0012;1,001
0,096376;-0,0049;-0,0010;1,0005;1,000
0,097932;-0,0042;-0,0015;1,0005;1,000
0,099642;-0,0032;-0,0024;1,0022;1,002
0,101394;-0,0024;-0,0024;1,0034;1,003
0,106392;-0,0046;-0,0042;1,0027;1,003
0,106627;-0,0046;-0,0042;1,0027;1,003
0,107456;-0,0039;-0,0034;1,0034;1,003
0,110184;-0,0034;-0,0015;1,0036;1,004
0,113142;-0,0010;-0,0010;1,0029;1,003
0,113976;-0,0024;-0,0012;1,0027;1,003
0,115897;-0,0024;-0,0012;1,0032;1,003
0,117706;-0,0029;-0,0027;1,0019;1,002
0,119331;-0,0034;-0,0022;1,0007;1,001
0,121457;-0,0039;-0,0017;1,0014;1,001
0,127399;-0,0051;-0,0032;1,0027;1,003
0,127502;-0,0051;-0,0032;1,0027;1,003
0,130379;-0,0046;-0,0037;1,0022;1,002
0,131105;-0,0049;-0,0032;1,0019;1,002
0,131915;-0,0042;-0,0037;1,0027;1,003
0,133511;-0,0029;-0,0034;1,0029;1,003
0,135456;-0,0032;-0,0037;1,0014;1,001
0,137784;-0,0032;-0,0022;1,0022;1,002
0,139774;-0,0032;-0,0020;1,0027;1,003
0,141749;-0,0024;-0,0027;1,0014;1,001
0,147918;-0,0032;-0,0017;1,0024;1,002
0,148640;-0,0032;-0,0017;1,0024;1,002
0,148909;-0,0029;-0,0022;1,0024;1,002
0,149597;-0,0032;-0,0029;1,0029;1,003
0,152073;-0,0032;-0,0034;1,0024;1,002
0,153572;-0,0037;-0,0039;1,0022;1,002
0,155474;-0,0044;-0,0039;1,0019;1,002
0,157419;-0,0032;-0,0032;1,0014;1,001
0,159294;-0,0032;-0,0034;1,0019;1,002
0,162275;-0,0032;-0,0034;1,0032;1,003
0,168015;-0,0046;-0,0039;1,0022;1,002
0,168648;-0,0046;-0,0039;1,0022;1,002
0,169001;-0,0037;-0,0039;1,0017;1,002
0,169788;-0,0044;-0,0024;1,0017;1,002
0,171589;-0,0051;-0,0020;1,0022;1,002
0,173673;-0,0042;-0,0024;1,0029;1,003
0,175780;-0,0037;-0,0029;1,0041;1,004
0,179052;-0,0049;-0,0037;1,0044;1,004
0,180259;-0,0032;-0,0022;1,0024;1,002
0,181700;-0,0034;-0,0017;1,0017;1,002
0,187270;-0,0056;-0,0007;1,0012;1,001
0,187930;-0,0056;-0,0007;1,0012;1,001
0,188298;-0,0046;-0,0012;1,0017;1,002
0,189474;-0,0046;-0,0022;1,0000;1,000
0,191402;-0,0049;-0,0015;1,0002;1,000
0,193316;-0,0037;-0,0012;0,9995;0,999
0,197239;-0,0032;-0,0015;1,0000;1,000
0,198154;-0,0042;-0,0015;1,0017;1,002
0,199951;-0,0051;-0,0017;1,0017;1,002
0,201761;-0,0051;-0,0020;1,0010;1,001
0,207069;-0,0027;-0,0024;1,0010;1,001
0,207344;-0,0027;-0,0024;1,0010;1,001
0,207711;-0,0037;-0,0027;1,0024;1,002
0,209744;-0,0046;-0,0007;1,0022;1,002
0,214106;-0,0049;-0,0002;1,0019;1,002
0,214891;-0,0032;-0,0005;1,0029;1,003
0,215439;-0,0054;-0,0020;1,0034;1,003
0,217771;-0,0059;-0,0024;1,0036;1,004
0,219509;-0,0056;-0,0024;1,0036;1,004
0,222416;-0,0054;-0,0027;1,0039;1,004
0,227279;-0,0037;-0,0012;1,0019;1,002
0,228575;-0,0037;-0,0012;1,0019;1,002
0,229635;-0,0027;-0,0007;1,0017;1,002
0,229914;-0,0042;-0,0020;1,0017;1,002
0,232264;-0,0032;-0,0027;1,0022;1,002
0,233481;-0,0010;-0,0027;1,0019;1,002
0,235506;-0,0034;-0,0029;1,0029;1,003
0,237909;-0,0039;-0,0029;1,0024;1,002
0,239514;-0,0024;-0,0020;1,0019;1,002
0,241579;-0,0015;-0,0017;1,0022;1,002
0,247300;-0,0032;-0,0027;1,0022;1,002
0,248071;-0,0032;-0,0027;1,0022;1,002
0,248403;-0,0042;-0,0024;1,0041;1,004
0,249686;-0,0046;-0,0022;1,0034;1,003
0,252016;-0,0042;-0,0029;1,0024;1,002
0,254270;-0,0022;-0,0042;1,0027;1,003
0,255760;-0,0020;-0,0054;1,0027;1,003
0,257756;-0,0027;-0,0049;1,0032;1,003
0,259668;-0,0044;-0,0022;1,0034;1,003
0,262377;-0,0027;-0,0020;1,0032;1,003
0,267338;-0,0020;-0,0032;1,0027;1,003
0,267537;-0,0024;-0,0024;1,0014;1,001
0,267691;-0,0024;-0,0024;1,0014;1,001
0,269755;-0,0022;-0,0024;1,0014;1,001
0,271645;-0,0034;-0,0029;1,0036;1,004
0,273398;-0,0042;-0,0039;1,0041;1,004
0,275564;-0,0029;-0,0037;1,0029;1,003
0,278148;-0,0029;-0,0034;1,0019;1,002
0,280251;-0,0029;-0,0044;1,0010;1,001
0,281781;-0,0027;-0,0044;1,0022;1,002
0,286649;-0,0034;-0,0015;1,0024;1,002
0,286902;-0,0034;-0,0015;1,0024;1,002
0,287481;-0,0037;-0,0002;1,0017;1,002
0,289438;-0,0027;-0,0022;1,0027;1,003
0,292116;-0,0054;-0,0010;1,0005;1,000
0,293880;-0,0068;0,0000;1,0005;1,000
0,296752;-0,0068;-0,0012;1,0024;1,002
0,298245;-0,0059;-0,0024;1,0032;1,003
0,299913;-0,0042;-0,0024;1,0046;1,005
0,302433;-0,0042;-0,0012;1,0029;1,003
0,307771;-0,0059;-0,0022;1,0027;1,003
0,308196;-0,0059;-0,0022;1,0027;1,003
0,308485;-0,0056;-0,0020;1,0017;1,002
0,310720;-0,0032;-0,0034;1,0014;1,001
0,312470;-0,0034;-0,0029;1,0039;1,004
0,313938;-0,0027;-0,0024;1,0041;1,004
0,316176;-0,0020;-0,0007;1,0027;1,003
0,317587;-0,0017;0,0005;1,0019;1,002
0,319484;-0,0022;-0,0002;1,0022;1,002
0,321500;-0,0027;-0,0017;1,0036;1,004
0,326789;-0,0049;-0,0027;1,0034;1,003
0,326948;-0,0049;-0,0027;1,0034;1,003
0,327293;-0,0032;-0,0029;1,0029;1,003
0,330212;-0,0024;-0,0029;1,0027;1,003
0,331760;-0,0034;-0,0034;1,0022;1,002
0,333619;-0,0029;-0,0034;1,0010;1,001
0,335294;-0,0017;-0,0032;1,0017;1,002
0,337269;-0,0044;-0,0024;1,0027;1,003
0,339418;-0,0061;-0,0022;1,0029;1,003
0,341204;-0,0046;-0,0027;1,0027;1,003
0,346886;-0,0044;-0,0015;1,0022;1,002
0,347235;-0,0044;-0,0017;1,0024;1,002
0,347419;-0,0042;-0,0017;1,0027;1,003
0,349251;-0,0051;-0,0022;1,0027;1,003
0,351770;-0,0061;-0,0032;1,0027;1,003
0,353425;-0,0064;-0,0034;1,0022;1,002
0,355183;-0,0049;-0,0042;1,0007;1,001
0,357202;-0,0044;-0,0032;1,0017;1,002
0,359250;-0,0042;-0,0024;1,0024;1,002
0,362078;-0,0046;-0,0017;1,0039;1,004
0,366872;-0,0049;-0,0027;1,0032;1,003
0,367594;-0,0049;-0,0024;1,0032;1,003
0,368013;-0,0049;-0,0022;1,0034;1,003
0,369236;-0,0039;-0,0024;1,0029;1,003
0,371357;-0,0046;-0,0015;1,0014;1,001
0,373241;-0,0044;-0,0017;1,0014;1,001
0,375191;-0,0027;-0,0027;1,0019;1,002
0,377619;-0,0024;-0,0027;1,0024;1,002
0,380436;-0,0032;-0,0027;1,0027;1,003
0,381946;-0,0039;-0,0029;1,0010;1,001
0,386894;-0,0017;-0,0034;1,0022;1,002
0,387101;-0,0017;-0,0034;1,0022;1,002
0,387219;-0,0017;-0,0029;1,0029;1,003
0,389313;-0,0020;-0,0024;1,0032;1,003
0,391696;-0,0022;-0,0027;1,0027;1,003
0,393736;-0,0032;-0,0017;1,0019;1,002
0,395462;-0,0024;-0,0029;1,0014;1,001
0,397790;-0,0024;-0,0027;1,0017;1,002
0,399371;-0,0027;-0,0022;1,0029;1,003
0,402046;-0,0037;-0,0027;1,0022;1,002
0,406484;-0,0027;-0,0022;1,0027;1,003
0,406805;-0,0027;-0,0022;1,0027;1,003
0,407424;-0,0012;-0,0020;1,0027;1,003
0,409408;-0,0010;-0,0017;1,0022;1,002
0,412166;-0,0020;-0,0015;1,0027;1,003
0,414403;-0,0015;-0,0024;1,0029;1,003
0,415750;-0,0015;-0,0029;1,0032;1,003
0,417505;-0,0024;-0,0027;1,0036;1,004
0,419514;-0,0029;-0,0022;1,0027;1,003
0,421451;-0,0044;-0,0029;1,0010;1,001
0,426618;-0,0059;-0,0039;1,0039;1,004
0,426876;-0,0059;-0,0039;1,0039;1,004
0,427341;-0,0066;-0,0039;1,0041;1,004
0,430135;-0,0068;-0,0027;1,0034;1,003
0,431827;-0,0037;-0,0017;1,0029;1,003
0,433641;-0,0044;-0,0012;1,0039;1,004
0,435727;-0,0039;-0,0005;1,0034;1,003
0,437564;-0,0044;-0,0017;1,0029;1,003
0,439316;-0,0044;-0,0022;1,0022;1,002
0,441270;-0,0051;-0,0042;1,0022;1,002
0,448125;-0,0046;-0,0022;1,0024;1,002
0,448924;-0,0046;-0,0022;1,0024;1,002
0,449126;-0,0042;-0,0022;1,0027;1,003
0,452170;-0,0034;-0,0015;1,0027;1,003
0,453199;-0,0032;-0,0015;1,0024;1,002
0,454002;-0,0029;-0,0034;1,0034;1,003
0,455701;-0,0034;-0,0022;1,0034;1,003
0,457883;-0,0029;-0,0017;1,0034;1,003
0,459530;-0,0054;-0,0005;1,0036;1,004
0,461479;-0,0051;-0,0007;1,0036;1,004
0,466963;-0,0027;-0,0012;1,0017;1,002
0,467173;-0,0027;-0,0012;1,0017;1,002
0,468244;-0,0032;-0,0017;1,0012;1,001
0,475680;-0,0037;-0,0015;1,0012;1,001
0,475904;-0,0037;-0,0020;1,0022;1,002
0,476031;-0,0029;-0,0017;1,0027;1,003
0,476157;-0,0024;-0,0007;1,0022;1,002
0,478193;-0,0029;-0,0010;1,0022;1,002
0,481153;-0,0037;-0,0044;1,0007;1,001
0,482670;-0,0039;-0,0039;1,0019;1,002
0,486255;-0,0029;-0,0024;1,0010;1,001
0,486516;-0,0029;-0,0024;1,0010;1,001
0,487267;-0,0037;-0,0027;1,0019;1,002
0,489109;-0,0034;-0,0024;1,0024;1,002
0,491199;-0,0044;-0,0012;1,0014;1,001
0,493083;-0,0049;-0,0010;1,0007;1,001
0,495715;-0,0056;-0,0020;1,0012;1,001
0,498758;-0,0054;-0,0024;1,0024;1,002
0,499700;-0,0042;-0,0022;1,0029;1,003
0,501378;-0,0034;-0,0012;1,0029;1,003
0,507087;-0,0029;-0,0017;1,0007;1,001
0,507232;-0,0029;-0,0017;1,0007;1,001
0,507336;-0,0029;-0,0017;1,0007;1,001
0,509727;-0,0046;-0,0027;1,0017;1,002
0,511691;-0,0032;-0,0037;1,0022;1,002
0,514665;-0,0034;-0,0027;1,0022;1,002
0,515494;-0,0032;-0,0024;1,0019;1,002
0,517274;-0,0032;-0,0022;1,0022;1,002
0,519533;-0,0049;-0,0024;1,0027;1,003
0,521561;-0,0059;-0,0020;1,0027;1,003
0,526630;-0,0027;-0,0007;1,0019;1,002
0,526874;-0,0027;-0,0007;1,0019;1,002
0,527227;-0,0027;-0,0012;1,0022;1,002
0,531434;-0,0049;-0,0024;1,0024;1,002
0,532575;-0,0051;-0,0027;1,0014;1,001
0,533385;-0,0049;-0,0005;1,0007;1,001
0,535171;-0,0056;-0,0034;1,0012;1,001
0,537243;-0,0056;-0,0049;1,0017;1,002
0,539206;-0,0044;-0,0049;1,0027;1,003
0,541200;-0,0051;-0,0027;1,0022;1,002
0,547811;-0,0027;-0,0059;1,0017;1,002
0,548740;-0,0027;-0,0059;1,0017;1,002
0,549188;-0,0027;-0,0059;1,0034;1,003
0,549818;-0,0061;-0,0007;1,0039;1,004
0,551550;-0,0049;0,0012;1,0014;1,001
0,553086;-0,0020;-0,0012;1,0017;1,002
0,555165;-0,0007;-0,0029;1,0036;1,004
0,557414;-0,0024;-0,0017;1,0017;1,002
0,559163;-0,0054;-0,0017;0,9983;0,998
0,561148;-0,0046;-0,0051;1,0005;1,000
0,566953;-0,0051;-0,0032;1,0034;1,003
0,567159;-0,0029;-0,0010;1,0036;1,004
0,567295;-0,0029;-0,0010;1,0036;1,004
0,569156;-0,0024;-0,0034;1,0061;1,006
0,571176;-0,0029;-0,0024;1,0014;1,001
0,573109;-0,0044;-0,0007;0,9966;0,997
0,575125;-0,0066;-0,0020;0,9961;0,996
0,577397;-0,0056;-0,0044;1,0019;1,002
0,581106;-0,0042;-0,0015;1,0100;1,010
0,581462;-0,0051;-0,0007;1,0024;1,002
0,586702;-0,0064;-0,0066;0,9990;0,999
0,586850;-0,0098;-0,0066;0,9990;0,999
0,587714;-0,0098;-0,0039;0,9990;0,999
0,589691;-0,0071;0,0005;0,9983;0,998
0,591304;-0,0017;-0,0049;1,0041;1,004
0,593403;0,0002;-0,0059;1,0075;1,008
0,595460;0,0007;-0,0015;1,0066;1,007
0,598748;-0,0007;-0,0015;1,0036;1,004
0,599862;-0,0042;-0,0054;1,0019;1,002
0,601479;-0,0064;-0,0034;1,0002;1,000
0,606440;-0,0024;0,0005;1,0005;1,000
0,606716;-0,0007;0,0005;1,0041;1,004
0,607610;0,0020;-0,0017;1,0080;1,008
0,609590;0,0024;-0,0037;1,0093;1,009
0,612324;-0,0059;-0,0015;1,0024;1,002
0,615795;-0,0095;0,0015;0,9990;0,999
0,616759;-0,0046;0,0010;0,9978;0,998
0,618186;0,0029;-0,0088;1,0058;1,006
0,619703;0,0024;-0,0086;1,0078;1,008
0,621729;-0,0039;-0,0005;1,0029;1,003
0,627012;0,0010;-0,0029;1,0032;1,003
0,627315;0,0010;-0,0029;1,0032;1,003
0,627628;0,0012;-0,0042;1,0054;1,005
0,630007;-0,0012;-0,0029;1,0036;1,004
0,632924;-0,0027;-0,0002;0,9992;0,999
0,633589;-0,0029;-0,0002;1,0007;1,001
0,635835;-0,0007;-0,0027;1,0046;1,005
0,637500;-0,0012;-0,0027;1,0022;1,002
0,639399;-0,0022;-0,0020;1,0014;1,001
0,641486;-0,0037;-0,0022;1,0012;1,001
0,648563;-0,0054;-0,0061;0,9988;0,999
0,649697;-0,0056;-0,0037;0,9995;1,000
0,650159;-0,0056;-0,0020;1,0000;1,000
0,650451;-0,0054;-0,0020;1,0010;1,001
0,651724;-0,0005;-0,0024;1,0049;1,005
0,653280;0,0012;-0,0037;1,0056;1,006
0,655294;-0,0012;-0,0032;1,0049;1,005
0,657429;-0,0022;-0,0012;1,0041;1,004
0,659177;-0,0037;-0,0012;1,0032;1,003
0,661592;-0,0061;-0,0037;0,9997;1,000
0,666960;-0,0046;-0,0012;1,0034;1,003
0,667224;-0,0046;-0,0012;1,0034;1,003
0,667935;-0,0046;-0,0002;1,0036;1,004
0,669473;-0,0049;-0,0002;1,0041;1,004
0,671420;-0,0029;-0,0015;1,0032;1,003
0,673442;-0,0039;-0,0020;1,0036;1,004
0,675338;-0,0046;-0,0017;1,0034;1,003
0,678126;-0,0054;-0,0007;1,0012;1,001
0,683205;-0,0061;-0,0010;1,0000;1,000
0,683929;-0,0032;-0,0010;1,0027;1,003
0,688368;-0,0039;-0,0017;1,0010;1,001
0,689217;-0,0039;-0,0017;1,0010;1,001
0,689975;-0,0051;-0,0034;1,0002;1,000
0,690548;-0,0064;-0,0037;1,0007;1,001
0,692085;-0,0093;-0,0046;1,0017;1,002
0,693508;-0,0088;-0,0012;1,0024;1,002
0,695803;-0,0064;-0,0007;1,0036;1,004
0,698541;-0,0034;-0,0034;1,0024;1,002
0,699962;-0,0017;-0,0046;1,0012;1,001
0,701654;0,0000;-0,0024;1,0039;1,004
0,707283;-0,0037;0,0002;1,0010;1,001
0,708190;-0,0037;0,0002;1,0010;1,001
0,708735;-0,0046;0,0012;0,9990;0,999
0,709501;-0,0051;0,0005;0,9985;0,999
0,712151;-0,0027;-0,0044;1,0034;1,003
0,716851;-0,0029;-0,0049;1,0027;1,003
0,717884;-0,0020;-0,0034;1,0012;1,001
0,718252;-0,0002;-0,0034;1,0022;1,002
0,719422;-0,0037;-0,0034;1,0027;1,003
0,721387;-0,0046;-0,0034;1,0024;1,002
0,726571;-0,0020;-0,0020;1,0019;1,002
0,726922;-0,0020;-0,0020;1,0019;1,002
0,727414;-0,0005;-0,0017;1,0041;1,004
0,729398;-0,0007;-0,0005;1,0029;1,003
0,732212;-0,0020;-0,0010;1,0000;1,000
0,733730;-0,0029;-0,0017;1,0000;1,000
0,735576;-0,0012;-0,0029;1,0019;1,002
0,737571;-0,0012;-0,0027;1,0019;1,002
0,739555;-0,0054;-0,0015;0,9997;1,000
0,741340;-0,0046;-0,0022;1,0000;1,000
0,749971;0,0015;-0,0059;1,0019;1,002
0,751752;0,0015;-0,0059;1,0019;1,002
0,752618;0,0020;-0,0034;1,0029;1,003
0,753203;0,0007;0,0005;1,0041;1,004
0,754600;0,0000;0,0007;1,0024;1,002
0,755125;-0,0017;-0,0012;0,9992;0,999
0,755470;-0,0039;-0,0020;0,9985;0,999
0,758294;-0,0073;-0,0024;0,9995;1,000
0,759940;-0,0098;-0,0049;1,0022;1,002
0,762178;-0,0142;-0,0054;1,0010;1,001
0,768274;-0,0042;-0,0005;1,0012;1,001
0,769032;-0,0042;-0,0005;1,0012;1,001
0,769484;-0,0024;-0,0027;1,0051;1,005
0,770010;-0,0042;-0,0032;1,0049;1,005
0,772980;-0,0061;0,0000;1,0007;1,001
0,773781;-0,0054;0,0005;0,9978;0,998
0,776316;-0,0017;-0,0007;0,9992;0,999
0,777754;-0,0007;-0,0037;1,0041;1,004
0,780087;-0,0029;-0,0022;1,0041;1,004
0,784453;-0,0029;-0,0015;1,0061;1,006
0,788178;-0,0078;-0,0034;1,0024;1,002
0,789189;-0,0078;-0,0034;1,0024;1,002
0,790057;-0,0064;-0,0054;1,0036;1,004
0,790768;-0,0056;-0,0054;1,0010;1,001
0,792032;-0,0064;-0,0046;1,0002;1,000
0,794345;-0,0049;-0,0015;1,0046;1,005
0,796390;-0,0002;-0,0034;1,0054;1,005
0,799688;-0,0024;-0,0029;1,0012;1,001
0,801101;-0,0086;-0,0022;0,9988;0,999
0,802021;-0,0110;-0,0022;1,0012;1,001
0,807093;-0,0059;-0,0034;1,0044;1,004
0,807785;0,0017;-0,0032;1,0068;1,007
0,808133;0,0017;-0,0032;1,0068;1,007
0,809745;0,0076;-0,0042;1,0071;1,007
0,815598;0,0076;-0,0037;1,0075;1,008
0,816748;0,0017;-0,0027;1,0034;1,003
0,817395;-0,0002;-0,0034;1,0080;1,008
0,817990;0,0012;-0,0044;1,0071;1,007
0,819856;-0,0051;-0,0042;1,0017;1,002
0,822001;-0,0049;-0,0034;1,0075;1,008
0,826780;-0,0061;-0,0027;1,0083;1,008
0,827677;-0,0061;-0,0027;1,0083;1,008
0,828354;-0,0059;-0,0032;1,0093;1,009
0,829997;-0,0086;-0,0020;1,0054;1,005
0,832650;-0,0151;-0,0010;1,0010;1,001
0,835516;-0,0129;0,0022;1,0017;1,002
0,835997;-0,0066;0,0015;1,0073;1,007
0,837474;-0,0073;-0,0007;1,0090;1,009
0,840375;-0,0056;-0,0005;1,0122;1,012
0,841634;0,0042;0,0012;1,0210;1,021
0,846541;0,0064;-0,0024;1,0276;1,028
0,846840;0,0064;-0,0024;1,0276;1,028
0,849420;-0,0005;-0,0027;1,0264;1,026
0,850131;-0,0051;-0,0034;1,0244;1,024
0,851740;-0,0024;-0,0042;1,0222;1,022
0,853388;-0,0012;-0,0061;1,0232;1,023
0,855366;0,0132;-0,0115;1,0315;1,032
0,857195;0,0188;-0,0112;1,0298;1,030
0,859178;0,0257;-0,0061;1,0205;1,021
0,861117;0,0374;-0,0007;1,0068;1,008
0,867596;0,0493;-0,0012;0,9961;0,997
0,868046;0,0493;-0,0012;0,9961;0,997
0,868252;0,0493;-0,0012;0,9961;0,997
0,869362;0,0537;0,0029;1,0122;1,014
0,871148;0,0586;0,0081;1,0234;1,025
0,873201;0,0660;0,0134;1,0369;1,039
0,875191;0,0958;0,0327;1,0449;1,050
0,877195;0,1109;0,0440;1,0422;1,049
0,883253;0,1363;0,0574;1,0283;1,039
0,883830;0,1681;0,0674;1,0163;1,032
0,886712;0,1695;0,0757;1,0085;1,025
0,887043;0,1625;0,0765;1,0122;1,028
0,887389;0,1573;0,0765;1,0122;1,027
0,889492;0,1510;0,0748;1,0198;1,034
0,891369;0,1324;0,0647;1,0273;1,038
0,893176;0,1170;0,0564;1,0256;1,034
0,895872;0,0699;0,0388;1,0261;1,029
0,899600;0,0151;0,0293;1,0156;1,016
0,900536;-0,0188;0,0078;1,0107;1,011
0,901679;-0,0933;-0,0169;1,0010;1,005
0,907296;-0,1818;-0,0567;0,9966;1,015
0,907966;-0,2030;-0,0669;0,9968;1,019
0,908454;-0,2194;-0,0755;0,9966;1,023
0,909491;-0,2296;-0,0823;0,9970;1,026
0,911187;-0,2362;-0,0853;1,0066;1,037
0,913181;-0,2362;-0,0814;1,0124;1,043
0,916302;-0,2358;-0,0594;1,0215;1,050
0,917616;-0,2116;-0,0457;1,0322;1,055
0,919497;-0,1896;-0,0125;1,0633;1,080
0,921343;-0,1415;0,0237;1,1067;1,116
0,926619;-0,0476;0,0823;1,2252;1,229
0,927105;-0,0476;0,0823;1,2252;1,229
0,927546;-0,0274;0,0884;1,2589;1,262
0,929279;-0,0112;0,0916;1,2939;1,297
0,933043;0,0093;0,0911;1,3611;1,364
0,934357;0,0129;0,0919;1,3911;1,394
0,935930;0,0137;0,0904;1,4507;1,454
0,937616;0,0022;0,0853;1,5091;1,512
0,939641;-0,0100;0,0806;1,5360;1,538
0,941766;-0,0704;0,0821;1,5832;1,587
0,947125;-0,2179;0,0696;1,6100;1,626
0,947470;-0,2179;0,0508;1,6100;1,626
0,947748;-0,2421;0,0252;1,6098;1,628
0,950240;-0,2607;-0,0029;1,6091;1,630
0,953453;-0,2832;-0,0613;1,6032;1,629
0,954219;-0,2917;-0,1114;1,6105;1,641
0,955749;-0,2932;-0,1331;1,6296;1,661
0,958030;-0,2839;-0,1725;1,6833;1,716
0,959453;-0,2685;-0,1915;1,7117;1,743
0,961404;-0,2125;-0,2196;1,7615;1,788
0,967552;-0,0726;-0,2680;1,7955;1,817
0,968228;-0,0726;-0,2680;1,7955;1,817
0,968708;-0,0432;-0,2624;1,8055;1,825
0,969923;-0,0139;-0,2531;1,8253;1,843
0,971561;0,0281;-0,2338;1,8634;1,878
0,973658;0,0523;-0,2096;1,9191;1,931
0,975675;0,0586;-0,1986;1,9550;1,966
0,978027;0,0684;-0,1915;2,0339;2,044
0,979532;0,0713;-0,1942;2,0728;2,083
0,985015;0,0760;-0,2111;2,1397;2,151
0,988755;0,0777;-0,2717;2,2225;2,240
0,989330;0,0777;-0,2717;2,2225;2,240
0,989620;0,0789;-0,2888;2,2333;2,253
0,989901;0,0818;-0,3042;2,2406;2,263
0,991525;0,0897;-0,3247;2,2577;2,283
0,993778;0,1021;-0,3386;2,2807;2,308
0,995530;0,1121;-0,3442;2,2946;2,323
0,998360;0,1380;-0,3530;2,3298;2,360
1,000033;0,1524;-0,3584;2,3491;2,381
1,002358;0,1832;-0,3696;2,3901;2,425
1,006644;0,2350;-0,3919;2,4715;2,513
1,007270;0,2350;-0,3919;2,4715;2,513
1,007834;0,2431;-0,3970;2,4910;2,534
1,009677;0,2602;-0,4009;2,5326;2,577
1,011528;0,2678;-0,4031;2,5543;2,600
1,013645;0,2817;-0,4014;2,5998;2,646
1,016908;0,2883;-0,4009;2,6252;2,671
1,018681;0,2990;-0,4019;2,6777;2,724
1,019488;0,3029;-0,4134;2,7307;2,778
1,021245;0,3017;-0,4224;2,7559;2,804
1,026409;0,2902;-0,4588;2,8311;2,883
1,027189;0,2902;-0,4588;2,8311;2,883
1,027645;0,2861;-0,4613;2,8392;2,891
1,029486;0,2773;-0,4505;2,8450;2,894
1,031341;0,2736;-0,4378;2,8475;2,894
1,034101;0,2660;-0,4085;2,8558;2,897
1,036822;0,2617;-0,3931;2,8619;2,901
1,037322;0,2504;-0,3706;2,8810;2,915
1,039372;0,2362;-0,3709;2,9064;2,939
1,041385;0,2296;-0,3797;2,9181;2,952
1,046821;0,1976;-0,4566;2,9376;2,979
1,047142;0,1867;-0,4747;2,9330;2,977
1,047475;0,1867;-0,4747;2,9330;2,977
1,051777;0,1615;-0,4959;2,9108;2,957
1,052776;0,1483;-0,4991;2,8963;2,943
1,053786;0,1202;-0,4962;2,8734;2,918
1,055571;0,1070;-0,4906;2,8656;2,909
1,057440;0,0828;-0,4820;2,8602;2,902
1,059433;0,0591;-0,4766;2,8641;2,904
1,061409;0,0479;-0,4764;2,8682;2,908
1,066951;0,0159;-0,4847;2,8827;2,923
1,067460;0,0159;-0,4847;2,8827;2,923
1,069092;0,0098;-0,4869;2,8819;2,923
1,069579;-0,0024;-0,5109;2,8568;2,902
1,071595;-0,0066;-0,5431;2,8343;2,886
1,074349;-0,0046;-0,5668;2,7676;2,825
1,076384;-0,0149;-0,5600;2,7449;2,801
1,078049;-0,0252;-0,5483;2,7317;2,786
1,079888;-0,0572;-0,5153;2,7402;2,789
1,084895;-0,0743;-0,4964;2,7459;2,791
1,088028;-0,1119;-0,4376;2,7307;2,768
1,088561;-0,1119;-0,4376;2,7307;2,768
1,088814;-0,1126;-0,4268;2,7094;2,745
1,090133;-0,1048;-0,4156;2,6493;2,684
1,091819;-0,0982;-0,4156;2,6139;2,649
1,093761;-0,0853;-0,4226;2,5365;2,573
1,096026;-0,0828;-0,4459;2,4646;2,506
1,098030;-0,0867;-0,4617;2,4343;2,479
1,100072;-0,1026;-0,4896;2,3908;2,443
1,101728;-0,1126;-0,4981;2,3777;2,432
1,106667;-0,1380;-0,4928;2,3417;2,397
1,107046;-0,1378;-0,4803;2,3305;2,383
1,107419;-0,1378;-0,4803;2,3305;2,383
1,109420;-0,1273;-0,4471;2,3053;2,352
1,111438;-0,1192;-0,4270;2,2912;2,334
1,114002;-0,0980;-0,3877;2,2628;2,298
1,118580;-0,0750;-0,3606;2,2408;2,271
1,119304;-0,0635;-0,3525;2,2308;2,259
1,119662;-0,0474;-0,3530;2,2120;2,241
1,121421;-0,0381;-0,3616;2,1912;2,221
1,126624;-0,0447;-0,4300;2,1597;2,203
1,127379;-0,0447;-0,4300;2,1597;2,203
1,127870;-0,0567;-0,4476;2,1458;2,193
1,129424;-0,0860;-0,4754;2,1096;2,164
1,132420;-0,1212;-0,4933;2,0588;2,121
1,134085;-0,1383;-0,5001;2,0280;2,093
1,135594;-0,1703;-0,5162;1,9533;2,028
1,137463;-0,1876;-0,5246;1,9098;1,989
1,139429;-0,2243;-0,5390;1,8126;1,904
1,141368;-0,2575;-0,5463;1,7029;1,807
1,146448;-0,2973;-0,5497;1,5341;1,656
1,146944;-0,2973;-0,5497;1,5341;1,656
1,147602;-0,3093;-0,5509;1,4813;1,610
1,151283;-0,3340;-0,5570;1,3870;1,531
1,152073;-0,3589;-0,5705;1,3049;1,469
1,153671;-0,3713;-0,5773;1,2658;1,440
1,155494;-0,3975;-0,5878;1,1922;1,387
1,157497;-0,4104;-0,5930;1,1576;1,364
1,159272;-0,4334;-0,6044;1,0916;1,321
1,161350;-0,4520;-0,6093;1,0283;1,278
1,168238;-0,4830;-0,6020;0,9052;1,190
1,168859;-0,4830;-0,6020;0,9052;1,190
1,169104;-0,4830;-0,6020;0,9052;1,190
1,169329;-0,4947;-0,6013;0,8480;1,151
1,171815;-0,5072;-0,6118;0,7916;1,122
1,173184;-0,5126;-0,6201;0,7569;1,105
1,175320;-0,5282;-0,6328;0,6895;1,075
1,178069;-0,5512;-0,6357;0,5763;1,020
1,179290;-0,5737;-0,6193;0,5492;1,007
1,181939;-0,6064;-0,5834;0,4972;0,977
1,186910;-0,6218;-0,5131;0,4363;0,917
1,187721;-0,6162;-0,4893;0,4200;0,892
1,188237;-0,6069;-0,4678;0,4036;0,866
1,189630;-0,5942;-0,4490;0,3850;0,838
1,191562;-0,5622;-0,4173;0,3467;0,781
1,193413;-0,5463;-0,4036;0,3310;0,756
1,195293;-0,5062;-0,3855;0,2871;0,698
1,197874;-0,4593;-0,3794;0,2238;0,636
1,199766;-0,4385;-0,3794;0,1932;0,611
1,201742;-0,4092;-0,3794;0,1341;0,574
1,206671;-0,3843;-0,3616;0,0086;0,528
1,207354;-0,3843;-0,3516;0,0086;0,521
1,207929;-0,3801;-0,3415;-0,0283;0,512
1,209220;-0,3765;-0,3318;-0,0682;0,506
1,211189;-0,3691;-0,3134;-0,1539;0,508
1,213087;-0,3672;-0,3044;-0,1981;0,516
1,216539;-0,3652;-0,2956;-0,2885;0,551
1,217852;-0,3677;-0,2971;-0,3767;0,604
1,219679;-0,3691;-0,3005;-0,4207;0,635
1,221732;-0,3743;-0,3042;-0,5116;0,703
1,227448;-0,3538;-0,2792;-0,6997;0,832
1,228284;-0,3538;-0,2792;-0,6997;0,832
1,228786;-0,3406;-0,2658;-0,7425;0,859
1,229374;-0,3264;-0,2511;-0,7811;0,883
1,231725;-0,2919;-0,2209;-0,8431;0,919
1,234614;-0,2531;-0,2047;-0,8695;0,928
1,236196;-0,2358;-0,1739;-0,9074;0,954
1,237685;-0,2035;-0,1473;-0,9303;0,964
1,239460;-0,1903;-0,1363;-0,9377;0,966
1,241440;-0,1725;-0,1153;-0,9614;0,984
1,249116;-0,1551;-0,0757;-0,9980;1,013
1,249879;-0,1551;-0,0757;-0,9980;1,013
1,250150;-0,1556;-0,0655;-1,0088;1,023
1,251438;-0,1578;-0,0562;-1,0203;1,034
1,251992;-0,1578;-0,0347;-1,0410;1,053
1,253475;-0,1556;-0,0120;-1,0437;1,055
1,255353;-0,1546;-0,0017;-1,0479;1,059
1,257473;-0,1542;0,0210;-1,0559;1,067
1,259722;-0,1534;0,0320;-1,0537;1,065
1,261213;-0,1542;0,0535;-1,0481;1,061
1,266810;-0,1725;0,0938;-1,0330;1,051
1,267241;-0,1725;0,0938;-1,0330;1,051
1,268221;-0,1810;0,1033;-1,0286;1,049
1,269257;-0,1903;0,1116;-1,0242;1,048
1,275264;-0,2118;0,1263;-1,0144;1,044
1,275849;-0,2340;0,1336;-1,0007;1,036
1,276448;-0,2448;0,1383;-0,9934;1,032
1,277434;-0,2604;0,1468;-0,9716;1,017
1,279323;-0,2643;0,1527;-0,9594;1,007
1,281310;-0,2663;0,1671;-0,9282;0,980
1,290509;-0,2458;0,2064;-0,8651;0,923
1,291738;-0,2458;0,2064;-0,8651;0,923
1,292065;-0,2370;0,2174;-0,8490;0,908
1,292276;-0,2130;0,2277;-0,8346;0,891
1,292534;-0,2001;0,2480;-0,8087;0,869
1,293573;-0,1725;0,2629;-0,7813;0,842
1,295596;-0,1598;0,2656;-0,7667;0,827
1,297567;-0,1373;0,2619;-0,7339;0,791
1,299708;-0,1241;0,2492;-0,7024;0,756
1,301578;-0,1207;0,2402;-0,6885;0,739
1,306679;-0,1234;0,1942;-0,6663;0,705
1,307369;-0,1234;0,1942;-0,6663;0,705
1,307853;-0,1268;0,1840;-0,6733;0,709
1,309356;-0,1327;0,1730;-0,7027;0,736
1,311306;-0,1317;0,1735;-0,7237;0,756
1,313159;-0,1231;0,1842;-0,7752;0,806
1,315195;-0,1160;0,1906;-0,8021;0,833
1,318335;-0,1038;0,2001;-0,8483;0,878
1,319928;-0,0933;0,2050;-0,8830;0,911
1,321341;-0,0875;0,2047;-0,8944;0,922
1,326504;-0,0740;0,1928;-0,9042;0,927
1,327210;-0,0740;0,1928;-0,9042;0,927
1,327693;-0,0706;0,1884;-0,9015;0,924
1,329320;-0,0635;0,1823;-0,8917;0,912
1,331353;-0,0569;0,1832;-0,8847;0,905
1,333490;-0,0384;0,1923;-0,8705;0,892
1,335658;-0,0286;0,1986;-0,8615;0,885
1,337631;-0,0064;0,2174;-0,8397;0,867
1,339316;0,0169;0,2375;-0,8121;0,846
1,341242;0,0283;0,2463;-0,7945;0,832
1,346907;0,0828;0,2729;-0,6961;0,752
1,347441;0,0972;0,2775;-0,6670;0,729
1,348089;0,0972;0,2775;-0,6670;0,729
1,350365;0,1253;0,2817;-0,6076;0,681
1,351742;0,1390;0,2819;-0,5800;0,660
1,355051;0,1659;0,2827;-0,5280;0,621
1,355451;0,1823;0,2839;-0,4803;0,587
1,357729;0,1901;0,2858;-0,4576;0,572
1,359883;0,2064;0,2932;-0,4158;0,549
1,361914;0,2128;0,2966;-0,3955;0,538
1,367933;0,2277;0,3139;-0,3156;0,500
1,368348;0,2277;0,3139;-0,3156;0,500
1,368532;0,2284;0,3176;-0,2973;0,491
1,369559;0,2233;0,3203;-0,2599;0,469
1,371418;0,2194;0,3222;-0,2370;0,456
1,373169;0,2118;0,3276;-0,1923;0,435
1,375436;0,2030;0,3259;-0,1608;0,416
1,377279;0,1998;0,3242;-0,1459;0,408
1,379301;0,1969;0,3161;-0,1270;0,394
1,381323;0,1964;0,3105;-0,1190;0,386
1,386888;0,1952;0,2963;-0,0774;0,363
1,387709;0,1952;0,2963;-0,0774;0,363
1,388025;0,1945;0,2927;-0,0645;0,357
1,390179;0,1930;0,2849;-0,0362;0,346
1,391853;0,1925;0,2814;-0,0227;0,342
1,393344;0,1952;0,2739;-0,0022;0,336
1,395269;0,1957;0,2678;0,0083;0,332
1,397453;0,1945;0,2643;0,0095;0,328
1,400399;0,1888;0,2563;0,0049;0,318
1,402932;0,1805;0,2511;-0,0024;0,309
1,407330;0,1510;0,2172;-0,0415;0,268
1,407702;0,1510;0,2172;-0,0415;0,268
1,407895;0,1510;0,2172;-0,0415;0,268
1,409343;0,1312;0,1930;-0,0511;0,239
1,411232;0,1073;0,1791;-0,0599;0,217
1,413398;0,0943;0,1502;-0,0669;0,190
1,415313;0,0696;0,1270;-0,0850;0,168
1,418594;0,0569;0,1180;-0,0972;0,163
1,419452;0,0381;0,1016;-0,1263;0,167
1,421454;0,0220;0,0884;-0,1581;0,182
1,426357;-0,0022;0,0564;-0,1996;0,207
1,426884;-0,0022;0,0564;-0,1996;0,207
1,427349;-0,0093;0,0401;-0,2140;0,218
1,429384;-0,0279;0,0056;-0,2453;0,247
1,431909;-0,0476;-0,0288;-0,2736;0,279
1,435610;-0,0569;-0,0423;-0,2878;0,296
1,436245;-0,0782;-0,0584;-0,3161;0,331
1,438153;-0,0889;-0,0630;-0,3308;0,348
1,439334;-0,1087;-0,0689;-0,3584;0,381
1,441305;-0,1278;-0,0684;-0,3811;0,408
1,446704;-0,1539;-0,0652;-0,4043;0,438
1,447008;-0,1627;-0,0652;-0,4043;0,441
1,447272;-0,1627;-0,0674;-0,4073;0,444
1,450202;-0,1791;-0,0708;-0,4046;0,448
1,454137;-0,1967;-0,0767;-0,3926;0,446
1,454854;-0,2052;-0,0814;-0,3836;0,443
1,455729;-0,2191;-0,0899;-0,3569;0,428
1,457326;-0,2243;-0,0928;-0,3415;0,419
1,459247;-0,2287;-0,0960;-0,3112;0,398
1,461186;-0,2306;-0,0943;-0,2822;0,376
1,468620;-0,2155;-0,0787;-0,2108;0,312
1,469705;-0,2155;-0,0787;-0,2108;0,312
1,470259;-0,2086;-0,0738;-0,1903;0,292
1,470505;-0,2011;-0,0689;-0,1695;0,272
1,472058;-0,1876;-0,0633;-0,1246;0,234
1,473882;-0,1798;-0,0608;-0,1024;0,216
1,475639;-0,1654;-0,0616;-0,0564;0,185
1,478040;-0,1532;-0,0640;-0,0120;0,166
1,480112;-0,1471;-0,0635;0,0090;0,160
1,481721;-0,1322;-0,0611;0,0467;0,153
1,488597;-0,1016;-0,0591;0,0919;0,149
1,489020;-0,0911;-0,0591;0,1048;0,151
1,489187;-0,0833;-0,0574;0,1173;0,155
1,489375;-0,0757;-0,0555;0,1287;0,159
1,491624;-0,0638;-0,0525;0,1480;0,170
1,493738;-0,0594;-0,0511;0,1561;0,175
1,495746;-0,0523;-0,0462;0,1656;0,180
1,497883;-0,0454;-0,0403;0,1715;0,182
1,499718;-0,0423;-0,0401;0,1727;0,182
1,503396;-0,0381;-0,0479;0,1766;0,187
1,508270;-0,0210;-0,0804;0,1676;0,187
1,508721;-0,0210;-0,0804;0,1676;0,187
1,508900;-0,0110;-0,0901;0,1603;0,184
1,510118;0,0024;-0,0987;0,1505;0,180
1,511868;0,0376;-0,1107;0,1239;0,170
1,514124;0,0589;-0,1143;0,1080;0,168
1,516145;0,1051;-0,1175;0,0723;0,173
1,518585;0,1510;-0,1180;0,0342;0,195
1,519718;0,1717;-0,1185;0,0147;0,209
1,522145;0,2096;-0,1190;-0,0252;0,242
1,527473;0,2560;-0,1107;-0,1024;0,297
1,528176;0,2560;-0,1107;-0,1024;0,297
1,528651;0,2621;-0,1077;-0,1202;0,308
1,529380;0,2663;-0,1036;-0,1373;0,317
1,531872;0,2709;-0,0941;-0,1610;0,329
1,533487;0,2712;-0,0823;-0,1730;0,332
1,535813;0,2709;-0,0745;-0,1742;0,331
1,537209;0,2663;-0,0584;-0,1698;0,321
1,540120;0,2626;-0,0493;-0,1642;0,314
1,542063;0,2489;-0,0264;-0,1449;0,289
1,546596;0,2018;0,0352;-0,0682;0,216
1,546935;0,2018;0,0352;-0,0682;0,216
1,547150;0,1901;0,0508;-0,0415;0,201
1,549703;0,1788;0,0655;-0,0110;0,191
1,552382;0,1608;0,0963;0,0635;0,198
1,553376;0,1515;0,1263;0,1512;0,249
1,555744;0,1500;0,1407;0,2003;0,287
1,557488;0,1522;0,1676;0,3056;0,380
1,559592;0,1583;0,1796;0,4180;0,482
1,561936;0,1622;0,1972;0,4749;0,539
1,566612;0,1737;0,2284;0,6965;0,753
1,566939;0,1737;0,2284;0,6965;0,753
1,568611;0,1759;0,2362;0,7466;0,803
1,570612;0,1798;0,2436;0,7938;0,850
1,572006;0,1864;0,2631;0,8805;0,938
1,573838;0,1976;0,2819;0,9577;1,018
1,575811;0,2047;0,2883;0,9924;1,054
1,577924;0,2167;0,2968;1,0562;1,118
1,579622;0,2350;0,2966;1,1138;1,176
1,581866;0,2446;0,2951;1,1385;1,201
1,588113;0,2866;0,2744;1,1883;1,253
1,588576;0,2944;0,2651;1,1962;1,260
1,588869;0,2944;0,2651;1,1962;1,260
1,589095;0,3042;0,2416;1,1910;1,253
1,591577;0,3049;0,2304;1,1852;1,245
1,593582;0,3039;0,2089;1,1612;1,218
1,595724;0,3022;0,1989;1,1451;1,201
1,597603;0,2883;0,1801;1,1097;1,161
1,599577;0,2670;0,1617;1,0757;1,120
1,602895;0,2519;0,1537;1,0615;1,102
1,607863;0,1659;0,1080;1,0207;1,040
1,608611;0,1659;0,1080;1,0207;1,040
1,609069;0,1395;0,0936;1,0151;1,029
1,609629;0,0816;0,0684;1,0075;1,013
1,612091;0,0511;0,0581;1,0049;1,008
1,613630;-0,0103;0,0454;0,9970;0,998
1,615621;-0,0398;0,0437;0,9948;0,997
1,618589;-0,1026;0,0442;1,0049;1,011
1,619546;-0,1598;0,0440;1,0381;1,051
1,621907;-0,1842;0,0437;1,0620;1,079
1,627120;-0,2492;0,0447;1,1952;1,222
1,627785;-0,2492;0,0447;1,1952;1,222
1,628234;-0,2585;0,0472;1,2343;1,262
1,629862;-0,2604;0,0611;1,3232;1,350
1,631840;-0,2543;0,0733;1,3681;1,394
1,633246;-0,2336;0,1033;1,4563;1,479
1,635930;-0,2042;0,1224;1,5424;1,561
1,637783;-0,1901;0,1608;1,5834;1,603
1,639924;-0,1632;0,1881;1,6692;1,688
1,642217;-0,1524;0,1972;1,7097;1,728
1,647192;-0,1168;0,2035;1,8429;1,858
1,647527;-0,1168;0,2035;1,8429;1,858
1,647724;-0,1102;0,1981;1,8673;1,881
1,649811;-0,0965;0,1801;1,9044;1,915
1,653647;-0,0936;0,1688;1,9176;1,927
1,654894;-0,0877;0,1480;1,9311;1,939
1,655573;-0,0789;0,1292;1,9269;1,933
1,657828;-0,0728;0,1226;1,9181;1,923
1,659644;-0,0579;0,1085;1,8898;1,894
1,661575;-0,0501;0,1002;1,8712;1,875
1,666680;-0,0308;0,0586;1,7811;1,782
1,667543;-0,0308;0,0586;1,7811;1,782
1,668042;-0,0313;0,0472;1,7576;1,759
1,670847;-0,0359;0,0186;1,7144;1,715
1,671525;-0,0418;0,0044;1,6948;1,695
1,674116;-0,0545;-0,0210;1,6560;1,657
1,675662;-0,0694;-0,0425;1,6181;1,620
1,677833;-0,0770;-0,0515;1,5998;1,602
1,679736;-0,0928;-0,0660;1,5646;1,569
1,681200;-0,0999;-0,0721;1,5490;1,554
1,687200;-0,1295;-0,0889;1,4967;1,505
1,687882;-0,1295;-0,0889;1,4967;1,505
1,688159;-0,1368;-0,0919;1,4866;1,496
1,691912;-0,1544;-0,0936;1,4686;1,480
1,692650;-0,1742;-0,0911;1,4610;1,474
1,694037;-0,1840;-0,0836;1,4502;1,464
1,695850;-0,2016;-0,0811;1,4480;1,464
1,697505;-0,2108;-0,0836;1,4507;1,468
1,699449;-0,2362;-0,0945;1,4617;1,484
1,703509;-0,2648;-0,1011;1,4744;1,501
1,707292;-0,3176;-0,0875;1,4913;1,527
1,708004;-0,3176;-0,0752;1,4913;1,527
1,708460;-0,3176;-0,0752;1,4913;1,527
1,710156;-0,3298;-0,0408;1,5023;1,539
1,711612;-0,3291;-0,0078;1,5218;1,557
1,713590;-0,3237;0,0039;1,5355;1,569
1,715775;-0,3071;0,0181;1,5707;1,601
1,718289;-0,2981;0,0210;1,5917;1,620
1,719983;-0,2766;0,0203;1,6386;1,662
1,721461;-0,2529;0,0151;1,6894;1,708
1,726747;-0,2023;0,0125;1,7637;1,775
1,727746;-0,2023;0,0125;1,7637;1,775
1,728205;-0,1827;0,0147;1,7867;1,796
1,729065;-0,1361;0,0230;1,8265;1,832
1,731655;-0,0889;0,0330;1,8573;1,860
1,736228;-0,0652;0,0384;1,8688;1,870
1,737098;-0,0257;0,0472;1,8893;1,890
1,737861;-0,0066;0,0508;1,8973;1,898
1,739626;0,0220;0,0559;1,9105;1,911
1,741934;0,0413;0,0569;1,9223;1,924
1,746997;0,0489;0,0518;1,9474;1,949
1,747536;0,0474;0,0489;1,9592;1,960
1,747802;0,0457;0,0489;1,9592;1,960
1,749502;0,0418;0,0403;1,9660;1,967
1,752522;0,0176;0,0230;1,9872;1,987
1,753762;0,0144;0,0188;2,0119;2,012
1,756180;0,0254;0,0195;2,0386;2,039
1,757641;0,0476;0,0283;2,0439;2,045
1,759540;0,0569;0,0347;2,0376;2,039
1,761771;0,0687;0,0450;2,0163;2,018
1,767202;0,0574;0,0513;1,9545;1,956
1,767499;0,0574;0,0513;1,9545;1,956
1,767676;0,0537;0,0508;1,9384;1,940
1,769826;0,0503;0,0511;1,9213;1,923
1,772076;0,0459;0,0479;1,8846;1,886
1,774111;0,0440;0,0464;1,8651;1,866
1,775272;0,0376;0,0432;1,8245;1,825
1,777223;0,0264;0,0381;1,7835;1,784
1,779042;0,0178;0,0340;1,7620;1,762
1,781026;-0,0049;0,0259;1,7144;1,715
1,787364;-0,0650;-0,0100;1,6144;1,616
1,788088;-0,0650;-0,0100;1,6144;1,616
1,788311;-0,0823;-0,0237;1,5903;1,593
1,789363;-0,1011;-0,0386;1,5683;1,572
1,792235;-0,1400;-0,0645;1,5260;1,534
1,794167;-0,1588;-0,0745;1,5057;1,516
1,795447;-0,1940;-0,0877;1,4673;1,483
1,798337;-0,2233;-0,0933;1,4324;1,453
1,799723;-0,2353;-0,0916;1,4175;1,440
1,802619;-0,2551;-0,0870;1,3943;1,420
1,807049;-0,2856;-0,0743;1,3838;1,415
1,807869;-0,2856;-0,0743;1,3838;1,415
1,808096;-0,2919;-0,0721;1,3882;1,420
1,809727;-0,2966;-0,0704;1,3950;1,428
1,811620;-0,3007;-0,0660;1,4151;1,448
1,813673;-0,3029;-0,0652;1,4431;1,476
1,815686;-0,3020;-0,0652;1,4610;1,493
1,817453;-0,2963;-0,0621;1,5008;1,531
1,820783;-0,2917;-0,0596;1,5226;1,551
1,822064;-0,2731;-0,0506;1,5678;1,592
1,827023;-0,2033;-0,0293;1,6538;1,666
1,827429;-0,2033;-0,0293;1,6538;1,666
1,827610;-0,1810;-0,0239;1,6740;1,684
1,829602;-0,1573;-0,0186;1,6941;1,701
1,831508;-0,1082;-0,0076;1,7349;1,738
1,833696;-0,0625;0,0002;1,7698;1,771
1,835976;-0,0418;0,0024;1,7855;1,786
1,837431;-0,0039;0,0049;1,8148;1,815
1,839955;0,0129;0,0059;1,8282;1,828
1,841180;0,0437;0,0068;1,8514;1,852
1,846764;0,0787;0,0581;1,9100;1,913
1,847496;0,0787;0,0581;1,9100;1,913
1,847995;0,1796;0,1109;1,9655;1,977
1,849335;0,2585;0,1605;2,0258;2,049
1,853689;0,3068;0,1827;2,2130;2,242
1,854360;0,5788;0,0826;4,0260;4,068
1,855667;0,8607;-0,0249;4,9901;5,064
1,857489;1,7478;0,0858;4,3458;4,685
1,859380;2,0730;0,1581;4,0708;4,571
1,861133;1,9672;0,1744;3,9054;4,376
1,866300;0,6961;0,0203;3,9164;3,978
1,867213;0,6961;0,0203;3,9164;3,978
1,867699;0,4117;-0,0117;3,7480;3,771
1,871211;0,1346;0,0147;2,9496;2,953
1,872162;0,0310;0,0428;2,5787;2,579
1,873936;-0,0933;0,1182;2,5399;2,544
1,876023;-0,1182;0,1600;2,5946;2,602
1,877666;-0,1173;0,2318;2,3637;2,378
1,879599;-0,1297;0,2470;1,7644;1,786
1,881710;-0,1419;0,2433;1,3029;1,333
1,888677;-0,2665;0,2463;0,1163;0,381
1,889154;-0,2665;0,2463;0,1163;0,381
1,889362;-0,3022;0,2084;0,0811;0,376
1,889605;-0,4002;0,0486;0,2169;0,458
1,892276;-0,4485;-0,0550;0,3525;0,573
1,894366;-0,5184;-0,2587;0,6369;0,861
1,895878;-0,5443;-0,3447;0,7679;1,002
1,897813;-0,5766;-0,4569;0,9821;1,227
1,899640;-0,5798;-0,4935;1,0755;1,318
1,901553;-0,5715;-0,4820;1,0862;1,319
1,906893;-0,4593;-0,2917;0,9773;1,119
1,907637;-0,4593;-0,2917;0,9773;1,119
1,907853;-0,4114;-0,2250;0,9433;1,053
1,909376;-0,2934;-0,0963;0,8925;0,944
1,911083;-0,2282;-0,0386;0,8783;0,908
1,913066;-0,0985;0,0474;0,8883;0,895
1,915077;0,0200;0,0757;0,9067;0,910
1,916992;0,0711;0,1060;0,9509;0,959
1,922095;0,1529;0,1016;1,0032;1,020
1,922594;0,1862;0,0919;1,0237;1,045
1,927164;0,2419;0,0342;1,0518;1,080
1,927859;0,2419;0,0342;1,0518;1,080
1,928308;0,2411;0,0222;1,0452;1,073
1,929267;0,2184;-0,0020;1,0168;1,040
1,931178;0,1998;-0,0127;0,9966;1,016
1,933030;0,1468;-0,0300;0,9416;0,953
1,937413;0,0870;-0,0423;0,8781;0,883
1,938083;0,0572;-0,0464;0,8495;0,853
1,940029;0,0034;-0,0574;0,7989;0,801
1,941446;-0,0203;-0,0613;0,7777;0,780
1,946823;-0,1197;-0,0696;0,7198;0,733
1,947118;-0,1197;-0,0721;0,7198;0,733
1,947362;-0,1197;-0,0721;0,7198;0,733
1,949064;-0,1461;-0,0748;0,7088;0,728
1,951002;-0,1571;-0,0757;0,7051;0,726
1,953960;-0,1698;-0,0784;0,6997;0,724
1,955487;-0,1779;-0,0811;0,6922;0,719
1,957278;-0,1818;-0,0833;0,6880;0,716
1,959198;-0,1818;-0,0887;0,6816;0,711
1,961010;-0,1813;-0,0906;0,6770;0,707
1,966182;-0,1717;-0,0897;0,6621;0,690
1,966688;-0,1717;-0,0897;0,6621;0,690
1,967136;-0,1661;-0,0880;0,6621;0,688
1,969713;-0,1542;-0,0828;0,6682;0,691
1,971880;-0,1476;-0,0787;0,6736;0,694
1,974295;-0,1329;-0,0691;0,6900;0,706
1,975664;-0,1109;-0,0559;0,7144;0,725
1,977881;-0,0992;-0,0491;0,7268;0,735
1,979736;-0,0772;-0,0371;0,7501;0,755
1,981705;-0,0579;-0,0315;0,7772;0,780
1,987038;-0,0303;-0,0159;0,8236;0,824
1,987495;-0,0303;-0,0159;0,8236;0,824
1,987742;-0,0215;-0,0159;0,8409;0,841
1,991299;-0,0049;-0,0181;0,8739;0,874
1,992004;0,0105;-0,0217;0,9062;0,906
1,994066;0,0181;-0,0235;0,9216;0,922
1,995680;0,0354;-0,0259;0,9499;0,951
1,997558;0,0432;-0,0276;0,9631;0,964
1,999606;0,0596;-0,0264;0,9929;0,995
2,001571;0,0796;-0,0081;1,0867;1,090
2,007956;0,1652;0,1444;1,6684;1,683
2,008763;0,1652;0,1444;1,6684;1,683
2,009285;0,1652;0,1444;1,6684;1,683
2,009828;0,1832;0,2177;1,8580;1,880
2,011486;0,1725;0,2597;1,8890;1,915
2,014249;0,1732;0,2707;1,9000;1,927
2,015279;0,2028;0,2541;1,8639;1,892
2,017682;0,2016;0,2094;1,7478;1,772
2,019865;0,1358;0,0821;1,4082;1,417
2,024111;0,0936;-0,0205;1,1317;1,136
2,026319;0,0826;-0,1378;0,9721;0,985
2,026696;0,0774;-0,1634;0,9575;0,974
2,027015;0,0774;-0,1634;0,9575;0,974
2,028975;0,0540;-0,1901;0,9443;0,965
2,031066;0,0112;-0,1915;0,9328;0,952
2,033063;-0,0110;-0,1808;0,9291;0,947
2,035035;-0,0418;-0,1363;0,9291;0,940
2,039723;-0,0437;-0,1058;0,9470;0,954
2,040203;-0,0315;-0,0493;0,9641;0,966
2,041231;0,0061;0,0061;0,9951;0,995
2,046168;0,0586;0,0740;1,0225;1,027
2,046426;0,0721;0,0845;1,0251;1,031
2,047164;0,0804;0,0894;1,0237;1,031
2,049232;0,0858;0,0916;1,0185;1,026
2,051066;0,0914;0,0904;1,0019;1,010
2,054153;0,0909;0,0838;0,9926;1,000
2,055890;0,0872;0,0672;0,9743;0,981
2,058158;0,0770;0,0401;0,9550;0,959
2,059227;0,0689;0,0286;0,9462;0,949
2,061191;0,0528;0,0103;0,9357;0,937
2,066738;0,0169;-0,0042;0,9225;0,923
2,067257;0,0169;-0,0042;0,9225;0,923
2,067964;0,0122;-0,0029;0,9213;0,921
2,070879;0,0090;-0,0002;0,9216;0,922
2,071262;0,0315;0,0117;0,9201;0,921
2,073362;0,0640;0,0208;0,9142;0,917
2,075518;0,0899;0,0279;0,8871;0,892
2,077481;0,0865;0,0257;0,8688;0,873
2,079451;0,0770;0,0237;0,8683;0,872
2,081314;0,0552;0,0210;0,8830;0,885
2,089398;0,0110;0,0178;0,9413;0,942
2,089959;0,0110;0,0178;0,9413;0,942
2,090176;0,0015;0,0171;0,9597;0,960
2,090358;-0,0059;0,0173;0,9799;0,980
2,091367;-0,0198;0,0173;1,0117;1,012
2,093297;-0,0308;0,0183;1,0361;1,037
2,095353;-0,0374;0,0191;1,0422;1,043
2,098232;-0,0518;0,0139;1,0557;1,057
2,100168;-0,0518;0,0107;1,0684;1,070
2,101459;-0,0730;-0,0059;1,1363;1,139
2,106601;-0,0985;-0,0371;1,2296;1,234
2,107275;-0,0985;-0,0371;1,2296;1,234
2,107475;-0,0760;-0,0300;1,1905;1,193
2,109444;-0,0476;-0,0173;1,1368;1,138
2,111140;0,0078;0,0086;1,0322;1,032
2,113643;0,0406;0,0171;0,9707;0,972
2,118477;0,0496;0,0132;0,9577;0,959
2,119046;0,0581;-0,0027;0,9553;0,957
2,122323;0,0552;-0,0151;0,9619;0,964
2,122963;0,0393;-0,0391;0,9824;0,984
2,127382;0,0095;-0,0552;0,9948;0,996
2,128069;0,0095;-0,0552;0,9948;0,996
2,128523;0,0056;-0,0511;0,9912;0,993
2,129710;0,0022;-0,0464;0,9865;0,988
2,131418;-0,0049;-0,0391;0,9814;0,982
2,133037;-0,0071;-0,0308;0,9878;0,988
2,134985;-0,0054;-0,0266;0,9944;0,995
2,137371;0,0012;-0,0176;1,0117;1,012
2,139802;0,0049;-0,0151;1,0190;1,019
2,141405;0,0147;-0,0115;1,0273;1,028
2,146283;0,0242;-0,0129;1,0061;1,006
2,146878;0,0242;-0,0129;1,0061;1,006
2,147324;0,0244;-0,0142;0,9985;0,999
2,149250;0,0254;-0,0171;0,9924;0,993
2,151019;0,0257;-0,0210;0,9922;0,993
2,153653;0,0239;-0,0249;0,9973;0,998
2,155419;0,0227;-0,0261;1,0019;1,003
2,157397;0,0215;-0,0247;1,0100;1,011
2,159383;0,0186;-0,0210;1,0132;1,014
2,161092;0,0178;-0,0191;1,0144;1,015
2,166298;0,0166;-0,0095;1,0051;1,005
2,166553;0,0166;-0,0095;1,0051;1,005
2,166969;0,0149;-0,0090;1,0034;1,004
2,169022;0,0127;-0,0090;1,0005;1,001
2,171756;0,0117;-0,0098;1,0027;1,003
2,173801;0,0127;-0,0122;1,0376;1,038
2,175339;0,0117;-0,0129;1,0584;1,059
2,177036;-0,0034;-0,0134;1,0601;1,060
2,179014;-0,0178;-0,0161;1,0486;1,049
2,181114;-0,0203;-0,0161;1,0505;1,051
2,190227;-0,0010;-0,0049;1,1131;1,113
2,190917;-0,0010;-0,0049;1,1131;1,113
2,191190;0,0068;-0,0007;1,1324;1,132
2,191429;0,0227;0,0090;1,1566;1,157
2,193175;0,0271;0,0107;1,1546;1,155
2,194954;0,0325;0,0117;1,1253;1,126
2,195900;0,0344;0,0115;1,1043;1,105
2,197884;0,0366;0,0098;1,0554;1,056
2,200053;0,0386;0,0027;1,0073;1,008
2,201283;0,0396;-0,0022;0,9826;0,983
2,207203;0,0283;-0,0291;0,8698;0,871
2,208068;0,0283;-0,0291;0,8698;0,871
2,208487;0,0198;-0,0332;0,8273;0,828
2,210036;0,0064;-0,0222;0,7261;0,726
2,211576;0,0042;-0,0046;0,6860;0,686
2,213784;0,0117;0,0379;0,6677;0,669
2,216145;0,0186;0,0454;0,7422;0,744
2,217555;0,0188;0,0325;0,8009;0,802
2,219605;0,0134;-0,0022;0,9247;0,925
2,223245;0,0100;-0,0169;0,9809;0,981
2,226886;-0,0007;-0,0191;1,1229;1,123
2,227339;-0,0007;-0,0191;1,1229;1,123
2,227573;-0,0005;-0,0125;1,1331;1,133
2,230164;0,0012;0,0017;1,1295;1,129
2,231547;0,0022;0,0073;1,1202;1,120
2,233628;0,0078;0,0107;1,0982;1,098
2,235822;0,0112;0,0042;1,0774;1,077
2,239098;0,0127;-0,0007;1,0694;1,069
2,239797;0,0156;-0,0093;1,0537;1,054
2,241868;0,0181;-0,0117;1,0449;1,045
2,247213;0,0205;-0,0007;1,0019;1,002
2,247849;0,0195;0,0027;0,9907;0,991
2,248345;0,0195;0,0027;0,9907;0,991
2,250012;0,0159;0,0064;0,9677;0,968
2,252216;0,0139;0,0064;0,9587;0,959
2,253719;0,0110;0,0059;0,9470;0,947
2,256938;0,0051;0,0054;0,9418;0,942
2,257397;0,0042;0,0029;0,9438;0,944
2,259084;0,0012;-0,0005;0,9575;0,957
2,261443;0,0022;-0,0020;0,9680;0,968
2,266662;0,0039;-0,0024;1,0105;1,010
2,267299;0,0039;-0,0024;1,0105;1,010
2,267761;0,0046;-0,0027;1,0183;1,018
2,269722;0,0081;-0,0037;1,0298;1,030
2,272800;0,0098;-0,0022;1,0349;1,035
2,274195;0,0103;-0,0020;1,0347;1,035
2,276053;0,0122;-0,0002;1,0295;1,030
2,277788;0,0134;-0,0002;1,0264;1,026
2,279654;0,0156;0,0005;1,0168;1,017
2,281664;0,0161;0,0015;1,0071;1,007
2,286080;0,0205;0,0054;0,9948;0,995
2,286406;0,0205;0,0054;0,9948;0,995
2,288245;0,0215;0,0056;0,9900;0,990
2,291165;0,0208;0,0056;0,9839;0,984
2,291824;0,0195;0,0056;0,9802;0,980
2,293733;0,0178;0,0044;0,9812;0,981
2,295593;0,0149;0,0037;0,9861;0,986
2,297508;0,0134;0,0029;0,9892;0,989
2,299703;0,0095;-0,0015;0,9975;0,998
2,301820;0,0066;-0,0022;1,0032;1,003
2,307280;0,0081;-0,0007;1,0132;1,013
2,307826;0,0081;-0,0007;1,0132;1,013
2,310751;0,0081;-0,0007;1,0132;1,013
2,312937;0,0100;-0,0012;1,0149;1,015
2,313780;0,0142;-0,0002;1,0144;1,014
2,315312;0,0149;0,0007;1,0134;1,014
2,315634;0,0178;0,0020;1,0100;1,010
2,318647;0,0188;0,0017;1,0080;1,008
2,319829;0,0186;0,0022;1,0054;1,006
2,323561;0,0173;0,0027;1,0022;1,002
2,326698;0,0159;0,0005;0,9992;0,999
2,327125;0,0149;0,0002;1,0000;1,000
2,327312;0,0149;-0,0002;1,0014;1,002
2,329767;0,0144;0,0005;1,0014;1,002
2,331604;0,0144;-0,0007;1,0024;1,003
2,333362;0,0151;-0,0015;1,0041;1,004
2,335455;0,0125;0,0002;1,0056;1,006
2,337004;0,0105;-0,0010;1,0056;1,006
2,339509;0,0103;-0,0010;1,0046;1,005
2,341874;0,0103;0,0015;1,0024;1,002
2,346766;0,0115;0,0022;1,0002;1,000
2,347180;0,0115;0,0034;0,9990;0,999
2,347369;0,0117;0,0020;0,9980;0,998
2,349825;0,0122;0,0002;0,9966;0,997
2,351531;0,0154;0,0012;0,9956;0,996
2,353359;0,0161;0,0022;0,9958;0,996
2,355567;0,0142;0,0029;0,9958;0,996
2,357472;0,0125;0,0029;0,9958;0,996
2,359698;0,0117;0,0024;0,9963;0,996
2,361850;0,0078;0,0015;0,9995;1,000
2,367041;0,0068;0,0010;1,0005;1,000
2,367380;0,0068;0,0010;1,0005;1,000
2,367534;0,0059;0,0007;1,0010;1,001
2,370159;0,0051;0,0002;1,0012;1,001
2,374233;0,0086;-0,0012;1,0019;1,002
2,374639;0,0081;-0,0015;1,0024;1,002
2,375899;0,0076;-0,0002;1,0029;1,003
2,378002;0,0095;0,0010;1,0005;1,001
2,379364;0,0100;0,0005;1,0002;1,000
2,381194;0,0073;-0,0012;1,0005;1,000
2,387081;0,0090;-0,0007;1,0032;1,003
2,387764;0,0090;-0,0007;1,0032;1,003
2,392240;0,0086;-0,0005;1,0034;1,003
2,392855;0,0076;-0,0012;1,0044;1,004
2,393123;0,0076;0,0005;1,0046;1,005
2,394045;0,0073;0,0005;1,0054;1,005
2,396701;0,0064;-0,0002;1,0061;1,006
2,398240;0,0088;-0,0012;1,0063;1,006
2,400148;0,0090;0,0002;1,0061;1,006
2,402235;0,0100;-0,0005;1,0066;1,007
2,407483;0,0120;-0,0017;1,0068;1,007
2,408475;0,0120;-0,0017;1,0068;1,007
2,408997;0,0115;-0,0002;1,0056;1,006
2,409454;0,0122;0,0012;1,0046;1,005
2,411709;0,0154;0,0010;1,0024;1,003
2,413053;0,0161;0,0017;0,9988;0,999
2,415469;0,0166;0,0010;0,9961;0,996
2,417714;0,0166;0,0010;0,9941;0,994
2,419332;0,0161;0,0012;0,9944;0,994
2,422469;0,0125;0,0022;0,9936;0,994
2,426917;0,0117;-0,0002;0,9997;1,000
2,427334;0,0117;-0,0002;0,9997;1,000
2,427520;0,0132;-0,0005;1,0007;1,001
2,429219;0,0129;-0,0012;1,0005;1,001
2,431662;0,0134;-0,0017;1,0014;1,002
2,433651;0,0154;-0,0020;1,0022;1,002
2,435644;0,0159;-0,0015;1,0029;1,003
2,439319;0,0178;-0,0024;1,0058;1,006
2,440179;0,0195;-0,0032;1,0054;1,006
2,441196;0,0193;-0,0012;1,0054;1,006
2,447745;0,0169;-0,0012;1,0024;1,003
2,448199;0,0169;-0,0012;1,0024;1,003
2,448390;0,0156;-0,0010;1,0014;1,002
2,449755;0,0139;-0,0027;1,0000;1,000
2,451219;0,0134;-0,0027;0,9995;1,000
2,452987;0,0115;-0,0017;0,9997;1,000
2,456377;0,0105;-0,0027;1,0002;1,000
2,457475;0,0117;-0,0024;1,0022;1,002
2,459157;0,0105;-0,0027;1,0029;1,003
2,461885;0,0095;-0,0037;1,0027;1,003
2,466965;0,0093;-0,0015;1,0024;1,002
2,467316;0,0093;-0,0015;1,0024;1,002
2,467516;0,0098;-0,0015;1,0029;1,003
2,469508;0,0105;-0,0029;1,0029;1,003
2,473659;0,0100;-0,0024;1,0041;1,004
2,474176;0,0105;-0,0020;1,0032;1,003
2,475416;0,0103;-0,0024;1,0032;1,003
2,477910;0,0083;-0,0022;1,0017;1,002
2,479662;0,0081;-0,0017;0,9997;1,000
2,481863;0,0083;-0,0015;0,9997;1,000
2,487591;0,0073;-0,0022;1,0012;1,001
2,487941;0,0078;-0,0022;1,0005;1,000
2,488143;0,0078;-0,0022;1,0005;1,000
2,491163;0,0081;0,0002;0,9997;1,000
2,492604;0,0093;0,0002;1,0007;1,001
2,493692;0,0090;-0,0007;1,0014;1,001
2,495849;0,0115;-0,0007;1,0007;1,001
2,498085;0,0127;-0,0012;1,0010;1,001
2,499958;0,0132;-0,0007;1,0000;1,000
2,501832;0,0129;-0,0005;0,9995;1,000
2,507645;0,0147;0,0000;1,0007;1,001
2,508628;0,0147;0,0000;1,0007;1,001
2,509128;0,0134;0,0005;1,0007;1,001
2,509685;0,0100;-0,0010;0,9988;0,999
2,511705;0,0110;-0,0007;0,9988;0,999
2,514142;0,0103;-0,0007;0,9990;0,999
2,515704;0,0093;-0,0015;0,9992;0,999
2,517694;0,0088;-0,0020;0,9997;1,000
2,519805;0,0071;-0,0032;1,0010;1,001
2,523738;0,0061;-0,0024;1,0012;1,001
2,527088;0,0068;-0,0010;1,0034;1,003
2,527491;0,0068;-0,0010;1,0034;1,003
2,527696;0,0078;-0,0020;1,0036;1,004
2,529418;0,0093;-0,0010;1,0046;1,005
2,531160;0,0110;-0,0017;1,0044;1,004
2,533131;0,0127;-0,0020;1,0058;1,006
2,535689;0,0144;-0,0005;1,0061;1,006
2,537070;0,0151;-0,0012;1,0061;1,006
2,540008;0,0149;-0,0027;1,0046;1,005
2,542195;0,0154;-0,0022;1,0046;1,005
2,547242;0,0159;-0,0010;1,0032;1,003
2,547629;0,0154;-0,0017;1,0034;1,004
2,547830;0,0154;-0,0017;1,0034;1,004
2,549691;0,0149;-0,0024;1,0032;1,003
2,551604;0,0129;-0,0027;1,0029;1,003
2,553769;0,0129;-0,0032;1,0032;1,003
2,557933;0,0137;-0,0034;1,0027;1,003
2,558359;0,0132;-0,0032;1,0029;1,003
2,559727;0,0115;-0,0027;1,0027;1,003
2,561817;0,0112;-0,0022;1,0014;1,002
2,566859;0,0127;-0,0022;1,0007;1,001
2,567543;0,0127;-0,0022;1,0007;1,001
2,568042;0,0132;-0,0027;1,0014;1,002
2,570306;0,0110;-0,0032;1,0024;1,002
2,573855;0,0088;-0,0029;1,0036;1,004
2,574436;0,0093;-0,0027;1,0039;1,004
2,576234;0,0090;-0,0024;1,0032;1,003
2,577641;0,0103;-0,0027;1,0032;1,003
2,583214;0,0117;-0,0022;1,0034;1,003
2,583673;0,0100;-0,0022;1,0036;1,004
2,586557;0,0103;-0,0012;1,0029;1,003
2,586957;0,0103;-0,0012;1,0029;1,003
2,587146;0,0105;-0,0012;1,0027;1,003
2,589619;0,0120;-0,0024;1,0034;1,003
2,594679;0,0129;-0,0029;1,0027;1,003
2,595092;0,0142;-0,0027;1,0036;1,004
2,595469;0,0147;-0,0024;1,0027;1,003
2,597226;0,0147;-0,0024;1,0029;1,003
2,599837;0,0156;-0,0024;1,0034;1,004
2,601817;0,0164;-0,0032;1,0017;1,002
2,608712;0,0166;-0,0029;1,0044;1,005
2,609497;0,0166;-0,0029;1,0044;1,005
2,609979;0,0161;-0,0024;1,0041;1,004
2,610341;0,0166;-0,0027;1,0034;1,004
2,611701;0,0176;-0,0024;1,0022;1,002
2,615262;0,0169;-0,0024;1,0022;1,002
2,616445;0,0151;-0,0029;1,0027;1,003
2,617866;0,0151;-0,0029;1,0039;1,004
2,619805;0,0149;-0,0027;1,0036;1,004
2,622096;0,0149;-0,0015;1,0019;1,002
2,626929;0,0122;-0,0032;1,0010;1,001
2,627525;0,0112;-0,0020;1,0010;1,001
2,627737;0,0103;-0,0024;1,0010;1,001
2,629601;0,0100;-0,0029;1,0010;1,001
2,631222;0,0100;-0,0017;1,0027;1,003
2,633413;0,0098;-0,0012;1,0019;1,002
2,636014;0,0086;-0,0012;1,0014;1,001
2,637279;0,0088;-0,0034;1,0039;1,004
2,640807;0,0098;-0,0037;1,0036;1,004
2,642370;0,0100;-0,0039;1,0024;1,002
2,647075;0,0107;-0,0027;1,0024;1,002
2,647753;0,0110;-0,0029;1,0032;1,003
2,648202;0,0112;-0,0032;1,0034;1,003
2,649845;0,0127;-0,0029;1,0044;1,004
2,651712;0,0134;-0,0024;1,0034;1,003
2,653656;0,0122;-0,0022;1,0029;1,003
2,655936;0,0132;-0,0007;1,0027;1,003
2,658019;0,0122;-0,0029;1,0022;1,002
2,660629;0,0120;-0,0022;1,0019;1,002
2,661405;0,0110;-0,0012;1,0017;1,002
2,667506;0,0105;-0,0022;1,0010;1,001
2,667831;0,0105;-0,0022;1,0010;1,001
2,668010;0,0112;-0,0032;1,0010;1,001
2,669825;0,0115;-0,0039;1,0010;1,001
2,673150;0,0122;-0,0010;1,0010;1,001
2,674190;0,0127;-0,0029;1,0007;1,001
2,675603;0,0132;-0,0022;1,0007;1,001
2,678616;0,0134;-0,0010;1,0014;1,002
2,682815;0,0122;-0,0012;1,0012;1,001
2,683184;0,0120;-0,0020;0,9995;1,000
2,702942;0,0110;-0,0024;1,0012;1,001
2,703978;0,0110;-0,0024;1,0012;1,001
2,704562;0,0120;-0,0020;1,0014;1,002
2,705092;0,0129;-0,0022;1,0019;1,002
2,705605;0,0139;-0,0027;1,0019;1,002
2,705971;0,0127;-0,0012;1,0014;1,002
2,706166;0,0120;-0,0015;1,0014;1,002
2,706355;0,0132;-0,0020;1,0032;1,003
2,706519;0,0127;-0,0022;1,0034;1,003
2,706697;0,0127;-0,0024;1,0039;1,004
2,706876;0,0115;-0,0024;1,0039;1,004
2,707037;0,0115;-0,0024;1,0039;1,004
2,722074;0,0117;-0,0034;1,0036;1,004
2,722731;0,0117;-0,0034;1,0029;1,003
2,722943;0,0117;-0,0034;1,0024;1,002
2,723120;0,0125;-0,0029;1,0027;1,003
2,723286;0,0137;-0,0034;1,0039;1,004
2,723451;0,0149;-0,0027;1,0036;1,004
2,723612;0,0144;-0,0024;1,0000;1,000
2,723780;0,0137;-0,0024;0,9995;1,000
2,727148;0,0142;0,0000;1,0017;1,002
2,727868;0,0142;0,0000;1,0017;1,002
2,729101;0,0134;0,0000;1,0022;1,002
2,730018;0,0127;-0,0020;1,0034;1,003
2,731701;0,0134;-0,0027;1,0036;1,004
2,733792;0,0134;-0,0039;1,0056;1,006
2,736046;0,0125;-0,0037;1,0063;1,006
2,737729;0,0122;-0,0046;1,0093;1,009
2,743055;0,0147;-0,0056;1,0119;1,012
2,743619;0,0188;-0,0064;1,0161;1,016
2,746246;0,0205;-0,0083;1,0173;1,018
2,746497;0,0205;-0,0083;1,0173;1,018
2,746913;0,0120;-0,0071;1,0105;1,011
2,749196;-0,0005;-0,0032;1,0051;1,005
2,751250;-0,0015;-0,0005;0,9980;0,998
2,753162;0,0015;0,0054;0,9685;0,968
2,756039;0,0054;0,0071;0,9518;0,952
2,759313;0,0134;0,0090;0,9423;0,942
2,759869;0,0191;0,0039;0,9638;0,964
2,762347;0,0195;0,0002;0,9814;0,982
2,766884;0,0095;-0,0071;1,0388;1,039
2,767326;0,0095;-0,0071;1,0388;1,039
2,767521;0,0095;-0,0064;1,0413;1,041
2,769497;0,0112;-0,0039;1,0305;1,031
2,771489;0,0105;-0,0039;1,0181;1,018
2,773507;0,0068;-0,0022;0,9931;0,993
2,775711;0,0059;0,0000;0,9841;0,984
2,777114;0,0061;0,0017;0,9777;0,978
2,778937;0,0042;-0,0017;0,9851;0,985
2,780954;0,0046;-0,0027;0,9924;0,992
2,786352;0,0090;-0,0032;1,0171;1,017
2,786583;0,0090;-0,0032;1,0171;1,017
2,786901;0,0090;-0,0034;1,0178;1,018
2,791209;0,0073;-0,0049;1,0134;1,013
2,791686;0,0054;-0,0039;1,0093;1,009
2,793176;0,0032;-0,0020;1,0000;1,000
2,795654;0,0039;-0,0027;0,9970;0,997
2,797387;0,0051;-0,0015;0,9970;0,997
2,799127;0,0073;-0,0012;0,9990;0,999
2,800956;0,0088;-0,0017;1,0014;1,001
2,807045;0,0139;-0,0017;1,0061;1,006
2,807590;0,0139;-0,0017;1,0061;1,006
2,807829;0,0142;-0,0015;1,0061;1,006
2,809451;0,0159;-0,0024;1,0049;1,005
2,811042;0,0166;-0,0032;1,0036;1,004
2,812949;0,0139;-0,0027;1,0032;1,003
2,815027;0,0122;-0,0032;1,0012;1,001
2,816861;0,0129;-0,0044;1,0027;1,003
2,818788;0,0171;-0,0071;1,0146;1,015
2,821011;0,0188;-0,0083;1,0222;1,022
2,826332;0,0105;-0,0046;1,0063;1,006
2,826896;0,0105;-0,0046;1,0063;1,006
2,827129;0,0068;-0,0015;1,0022;1,002
2,829050;0,0037;0,0039;0,9892;0,989
2,831041;0,0042;0,0046;0,9821;0,982
2,832953;0,0054;0,0022;0,9758;0,976
2,834974;0,0098;0,0010;0,9829;0,983
2,836910;0,0120;-0,0002;0,9904;0,991
2,840154;0,0127;-0,0032;1,0068;1,007
2,843091;0,0117;-0,0056;1,0159;1,016
2,847620;0,0010;-0,0051;1,0075;1,008
2,848005;0,0010;-0,0051;1,0075;1,008
2,848189;0,0010;-0,0051;1,0075;1,008
2,849018;-0,0015;-0,0044;1,0000;1,000
2,850906;0,0024;-0,0015;0,9956;0,996
2,852860;0,0159;0,0037;0,9961;0,996
2,854855;0,0706;0,0139;0,9760;0,979
2,857206;0,0689;0,0068;0,9367;0,939
2,859324;0,0151;-0,0134;0,9106;0,911
2,861264;-0,0203;-0,0125;0,9841;0,984
2,866116;-0,0083;0,0022;1,0967;1,097
2,866645;-0,0083;0,0022;1,0967;1,097
2,867090;0,0024;0,0002;1,0948;1,095
2,869070;0,0117;-0,0054;1,0532;1,053
2,871314;0,0115;0,0012;1,0058;1,006
2,876113;0,0105;0,0051;0,9868;0,987
2,876791;0,0103;-0,0010;0,9773;0,977
2,877089;0,0103;-0,0059;0,9843;0,984
2,881135;0,0093;-0,0056;1,0058;1,006
2,881920;0,0090;-0,0017;1,0156;1,016
2,887400;0,0061;-0,0034;0,9990;0,999
2,888101;0,0054;-0,0042;0,9948;0,995
2,888549;0,0064;-0,0042;0,9948;0,995
2,889021;0,0068;-0,0017;0,9924;0,992
2,891755;0,0066;-0,0039;0,9975;0,998
2,893751;0,0064;-0,0046;1,0019;1,002
2,895391;0,0086;-0,0027;1,0039;1,004
2,897591;0,0107;-0,0015;1,0041;1,004
2,898857;0,0090;-0,0005;1,0041;1,004
2,901194;0,0059;-0,0024;1,0007;1,001
2,909018;0,0049;-0,0039;1,0005;1,000
2,909951;0,0049;-0,0039;1,0005;1,000
2,910198;0,0046;-0,0046;1,0010;1,001
2,910419;0,0051;-0,0049;1,0017;1,002
2,911949;0,0032;-0,0034;1,0007;1,001
2,913058;0,0027;-0,0032;1,0002;1,000
2,915367;0,0029;-0,0020;1,0012;1,001
2,917082;0,0049;-0,0029;1,0010;1,001
2,919040;0,0049;-0,0029;1,0012;1,001
2,921025;0,0059;-0,0027;1,0032;1,003
2,926578;0,0017;-0,0012;1,0027;1,003
2,927255;0,0017;-0,0012;1,0027;1,003
2,927535;0,0027;-0,0020;1,0017;1,002
2,929196;0,0042;-0,0024;1,0017;1,002
2,931124;0,0049;-0,0027;1,0022;1,002
2,933289;0,0049;-0,0020;1,0032;1,003
2,934964;0,0051;-0,0012;1,0024;1,002
2,936940;0,0066;-0,0005;1,0027;1,003
2,939750;0,0078;-0,0007;1,0027;1,003
2,942853;0,0078;-0,0012;1,0027;1,003
2,947113;0,0073;-0,0022;1,0022;1,002
2,947795;0,0073;-0,0022;1,0022;1,002
2,948365;0,0083;-0,0002;1,0027;1,003
2,949428;0,0083;0,0002;1,0034;1,003
2,951710;0,0068;-0,0015;1,0027;1,003
2,953577;0,0071;-0,0015;1,0032;1,003
2,955889;0,0066;-0,0022;1,0019;1,002
2,958228;0,0078;-0,0029;1,0005;1,000
2,959582;0,0078;-0,0020;1,0010;1,001
2,962082;0,0073;-0,0012;1,0012;1,001
2,967194;0,0086;-0,0024;1,0017;1,002
2,967825;0,0086;-0,0024;1,0017;1,002
2,968292;0,0083;-0,0027;1,0019;1,002
2,969434;0,0078;-0,0022;1,0022;1,002
2,971585;0,0073;-0,0029;1,0022;1,002
2,976909;0,0064;-0,0039;1,0017;1,002
2,977992;0,0066;-0,0039;1,0014;1,001
2,978546;0,0061;-0,0024;1,0010;1,001
2,981940;0,0061;-0,0027;1,0010;1,001
2,982427;0,0076;-0,0029;1,0010;1,001
2,986833;0,0090;-0,0056;1,0029;1,003
2,987551;0,0090;-0,0056;1,0029;1,003
2,988036;0,0093;-0,0051;1,0027;1,003
2,990044;0,0081;-0,0042;1,0024;1,002
2,992506;0,0059;-0,0037;1,0024;1,002
2,993449;0,0073;-0,0022;1,0029;1,003
2,995202;0,0081;-0,0024;1,0024;1,002
2,997666;0,0088;-0,0039;1,0027;1,003
2,999453;0,0076;-0,0034;1,0027;1,003
3,000956;0,0071;-0,0027;1,0027;1,003
3,006162;0,0068;-0,0032;1,0019;1,002
3,006483;0,0068;-0,0032;1,0019;1,002
3,008176;0,0068;-0,0024;1,0014;1,001
3,009936;0,0088;-0,0024;1,0012;1,001
3,011666;0,0090;-0,0032;1,0019;1,002
3,013706;0,0073;-0,0027;1,0017;1,002
3,015619;0,0078;-0,0017;1,0010;1,001
3,017490;0,0061;-0,0020;1,0012;1,001
3,018883;0,0068;-0,0034;1,0012;1,001
3,020741;0,0068;-0,0029;1,0019;1,002
3,027224;0,0071;-0,0051;1,0017;1,002
3,028155;0,0064;-0,0051;1,0017;1,002
3,028555;0,0064;-0,0051;1,0017;1,002
3,029799;0,0039;-0,0051;1,0027;1,003
3,031040;0,0042;-0,0059;1,0029;1,003
3,033387;0,0044;-0,0044;1,0022;1,002
3,035347;0,0056;-0,0029;1,0017;1,002
3,036830;0,0066;-0,0020;1,0024;1,002
3,039572;0,0054;-0,0015;1,0012;1,001
3,042843;0,0049;-0,0012;1,0012;1,001
3,046292;0,0037;-0,0049;1,0022;1,002
3,046687;0,0037;-0,0049;1,0022;1,002
3,046879;0,0044;-0,0042;1,0019;1,002
3,049047;0,0061;-0,0027;1,0032;1,003
3,051241;0,0061;-0,0032;1,0029;1,003
3,052985;0,0051;-0,0029;1,0024;1,002
3,055180;0,0068;-0,0029;1,0024;1,002
3,057479;0,0061;-0,0032;1,0029;1,003
3,060296;0,0056;-0,0034;1,0022;1,002
3,061383;0,0056;-0,0032;1,0029;1,003
3,066283;0,0059;-0,0017;1,0022;1,002
3,066807;0,0059;-0,0017;1,0022;1,002
3,067260;0,0061;-0,0020;1,0014;1,001
3,069040;0,0066;-0,0024;1,0019;1,002
3,070958;0,0073;-0,0029;1,0017;1,002
3,072861;0,0042;-0,0022;1,0017;1,002
3,077263;0,0054;-0,0022;1,0014;1,001
3,077955;0,0054;-0,0020;1,0017;1,002
3,079163;0,0037;-0,0037;1,0005;1,000
3,081002;0,0061;-0,0042;1,0007;1,001
3,086639;0,0059;-0,0022;1,0044;1,004
3,087117;0,0039;-0,0020;1,0039;1,004
3,087574;0,0039;-0,0020;1,0039;1,004
3,089215;0,0049;-0,0024;1,0017;1,002
3,093392;0,0059;-0,0027;1,0017;1,002
3,094027;0,0066;-0,0017;1,0014;1,001
3,095803;0,0064;-0,0024;1,0014;1,001
3,097974;0,0061;-0,0032;1,0017;1,002
3,099287;0,0059;-0,0032;1,0019;1,002
3,101344;0,0073;-0,0032;1,0022;1,002
3,106277;0,0066;-0,0010;1,0014;1,001
3,106838;0,0066;-0,0010;1,0014;1,001
3,109274;0,0056;-0,0010;1,0010;1,001
3,110625;0,0059;-0,0017;1,0029;1,003
3,110970;0,0046;-0,0024;1,0029;1,003
3,113670;0,0051;-0,0029;1,0017;1,002
3,115702;0,0049;-0,0029;1,0014;1,001
3,117608;0,0049;-0,0027;1,0014;1,001
3,119377;0,0066;-0,0032;1,0019;1,002
3,121355;0,0061;-0,0037;1,0019;1,002
3,127891;0,0064;-0,0027;1,0002;1,000
3,128861;0,0064;-0,0027;1,0002;1,000
3,129342;0,0066;-0,0022;1,0002;1,000
3,129893;0,0064;-0,0029;1,0017;1,002
3,131705;0,0078;-0,0020;1,0019;1,002
3,133043;0,0078;-0,0029;1,0027;1,003
3,136396;0,0071;-0,0024;1,0027;1,003
3,138944;0,0076;-0,0022;1,0024;1,002
3,140496;0,0076;-0,0027;1,0027;1,003
3,141279;0,0071;-0,0017;1,0019;1,002
3,148093;0,0095;-0,0012;1,0007;1,001
3,149108;0,0095;-0,0022;1,0024;1,002
3,149664;0,0095;-0,0022;1,0024;1,002
3,150153;0,0073;-0,0015;1,0029;1,003
3,151771;0,0066;-0,0002;1,0034;1,003
3,153332;0,0068;-0,0015;1,0024;1,002
3,155284;0,0081;-0,0027;1,0029;1,003
3,157584;0,0086;-0,0020;1,0029;1,003
3,160926;0,0095;-0,0020;1,0027;1,003
3,161734;0,0076;-0,0012;1,0024;1,002
3,167226;0,0073;-0,0012;1,0010;1,001
3,167909;0,0059;-0,0020;1,0007;1,001
3,168363;0,0059;-0,0020;1,0007;1,001
3,168803;0,0056;-0,0027;1,0007;1,001
3,171482;0,0046;-0,0007;1,0010;1,001
3,173487;0,0039;-0,0020;1,0019;1,002
3,176575;0,0042;-0,0022;1,0017;1,002
3,177502;0,0037;-0,0020;1,0014;1,001
3,182123;0,0044;-0,0027;1,0019;1,002
3,182647;0,0042;-0,0046;1,0029;1,003
3,187176;0,0042;-0,0024;1,0014;1,001
3,187827;0,0044;-0,0027;1,0002;1,000
3,188302;0,0039;-0,0027;1,0014;1,001
3,189396;0,0037;-0,0029;1,0017;1,002
3,192407;0,0046;-0,0029;1,0027;1,003
3,193972;0,0044;-0,0022;1,0034;1,003
3,195943;0,0054;-0,0049;1,0017;1,002
3,197835;0,0049;-0,0024;1,0017;1,002
3,199453;0,0056;-0,0015;1,0017;1,002
3,200840;0,0059;-0,0015;1,0027;1,003
3,207505;0,0059;-0,0034;1,0019;1,002
3,208152;0,0059;-0,0034;1,0019;1,002
3,208632;0,0054;-0,0037;1,0019;1,002
3,210820;0,0059;-0,0039;1,0022;1,002
3,211397;0,0061;-0,0024;1,0022;1,002
3,213698;0,0054;-0,0017;1,0010;1,001
3,215616;0,0049;-0,0022;1,0000;1,000
3,217586;0,0064;-0,0024;1,0027;1,003
3,219616;0,0064;-0,0017;1,0024;1,002
3,221432;0,0064;-0,0032;1,0010;1,001
3,227710;0,0081;-0,0044;1,0029;1,003
3,228307;0,0081;-0,0046;1,0029;1,003
3,228523;0,0086;-0,0034;1,0022;1,002
3,229183;0,0086;-0,0024;1,0017;1,002
3,231575;0,0073;-0,0032;1,0019;1,002
3,232929;0,0064;-0,0034;1,0017;1,002
3,235387;0,0066;-0,0034;1,0014;1,001
3,237378;0,0051;-0,0032;1,0017;1,002
3,239706;0,0064;-0,0032;1,0024;1,002
3,243041;0,0076;-0,0034;1,0019;1,002
3,246825;0,0071;-0,0034;1,0024;1,002
3,247522;0,0071;-0,0034;1,0024;1,002
3,247988;0,0073;-0,0027;1,0029;1,003
3,249615;0,0066;-0,0027;1,0029;1,003
3,251424;0,0076;-0,0044;1,0022;1,002
3,253330;0,0056;-0,0039;1,0017;1,002
3,255409;0,0056;-0,0032;1,0014;1,001
3,257742;0,0049;-0,0039;1,0014;1,001
3,260343;0,0049;-0,0037;1,0014;1,001
3,262243;0,0061;-0,0042;1,0014;1,001
3,266877;0,0076;-0,0027;1,0002;1,000
3,267576;0,0076;-0,0027;1,0002;1,000
3,268031;0,0076;-0,0022;1,0010;1,001
3,269724;0,0061;-0,0022;1,0012;1,001
3,271108;0,0039;-0,0027;1,0019;1,002
3,273179;0,0042;-0,0037;1,0019;1,002
3,276742;0,0046;-0,0039;1,0017;1,002
3,277428;0,0059;-0,0034;1,0022;1,002
3,279327;0,0071;-0,0029;1,0019;1,002
3,281129;0,0059;-0,0024;1,0010;1,001
3,285913;0,0078;0,0005;1,0012;1,001
3,286400;0,0078;0,0005;1,0012;1,001
3,286970;0,0103;0,0002;1,0007;1,001
3,288983;0,0066;-0,0017;1,0051;1,005
3,293556;0,0042;-0,0034;1,0063;1,006
3,294130;0,0044;-0,0022;1,0029;1,003
3,295428;0,0061;-0,0027;1,0007;1,001
3,299116;0,0049;-0,0020;0,9997;1,000
3,299526;0,0046;-0,0020;1,0029;1,003
3,301843;0,0051;-0,0020;1,0017;1,002
3,306414;0,0046;-0,0017;1,0019;1,002
3,306863;0,0046;-0,0017;1,0019;1,002
3,307057;0,0064;-0,0005;1,0012;1,001
3,309450;0,0066;-0,0027;1,0010;1,001
3,312377;0,0061;-0,0037;1,0012;1,001
3,313082;0,0054;-0,0037;1,0036;1,004
3,315634;0,0056;-0,0029;1,0034;1,003
3,317488;0,0056;-0,0022;1,0024;1,002
3,319432;0,0054;-0,0032;1,0036;1,004
3,321668;0,0059;-0,0029;1,0032;1,003
3,327793;0,0071;-0,0034;1,0022;1,002
3,328317;0,0071;-0,0034;1,0022;1,002
3,328496;0,0066;-0,0034;1,0022;1,002
3,329239;0,0059;-0,0029;1,0027;1,003
3,331962;0,0066;-0,0020;1,0017;1,002
3,333501;0,0068;-0,0032;1,0019;1,002
3,334886;0,0064;-0,0037;1,0012;1,001
3,336968;0,0081;-0,0042;1,0027;1,003
3,339465;0,0090;-0,0032;1,0027;1,003
3,342877;0,0088;-0,0029;1,0029;1,003
3,346785;0,0076;-0,0034;1,0029;1,003
3,347482;0,0076;-0,0034;1,0029;1,003
3,347841;0,0078;-0,0027;1,0032;1,003
3,349988;0,0078;-0,0034;1,0034;1,003
3,351529;0,0095;-0,0044;1,0029;1,003
3,353018;0,0149;-0,0054;1,0024;1,003
3,355587;0,0046;-0,0020;1,0024;1,002
3,357703;0,0010;-0,0017;1,0024;1,002
3,359661;0,0037;-0,0012;1,0014;1,001
3,361798;0,0093;-0,0017;1,0010;1,001
3,366879;0,0098;-0,0017;1,0022;1,002
3,367592;0,0098;-0,0017;1,0022;1,002
3,368037;0,0076;-0,0027;1,0019;1,002
3,369736;0,0107;-0,0042;1,0019;1,002
3,370900;0,0103;-0,0037;1,0027;1,003
3,372913;0,0083;-0,0034;1,0027;1,003
3,376659;0,0071;-0,0032;1,0027;1,003
3,377430;0,0071;-0,0029;1,0022;1,002
3,379620;0,0093;-0,0012;1,0024;1,002
3,381168;0,0095;-0,0020;1,0012;1,001
3,387210;0,0027;-0,0029;1,0014;1,001
3,387857;0,0027;-0,0029;1,0014;1,001
3,388290;0,0027;-0,0029;1,0014;1,001
3,389441;0,0064;-0,0037;1,0012;1,001
3,394716;0,0083;-0,0042;1,0007;1,001
3,395279;0,0073;-0,0039;1,0017;1,002
3,395653;0,0064;-0,0039;1,0005;1,000
3,398399;0,0051;-0,0032;0,9997;1,000
3,399121;0,0056;-0,0042;1,0014;1,001
3,402081;0,0039;-0,0034;1,0019;1,002
3,406334;0,0032;-0,0034;1,0024;1,002
3,407046;0,0032;-0,0034;1,0024;1,002
3,407544;0,0029;-0,0029;1,0024;1,002
3,410423;0,0034;-0,0024;1,0019;1,002
3,410997;0,0049;-0,0012;1,0024;1,002
3,413088;0,0051;-0,0005;1,0022;1,002
3,415640;0,0042;-0,0015;1,0017;1,002
3,417060;0,0042;-0,0020;1,0017;1,002
3,418913;0,0049;-0,0029;1,0012;1,001
3,420879;0,0042;-0,0034;1,0022;1,002
3,426303;0,0037;-0,0027;1,0024;1,002
3,427191;0,0037;-0,0027;1,0024;1,002
3,427696;0,0042;-0,0020;1,0027;1,003
3,429114;0,0059;-0,0027;1,0024;1,002
3,430986;0,0076;-0,0027;1,0022;1,002
3,433187;0,0068;-0,0024;1,0034;1,003
3,435539;0,0068;-0,0020;1,0027;1,003
3,437491;0,0064;-0,0017;1,0019;1,002
3,439398;0,0054;-0,0017;1,0032;1,003
3,441603;0,0066;-0,0015;1,0029;1,003
3,446822;0,0051;-0,0020;1,0012;1,001
3,447399;0,0051;-0,0020;1,0012;1,001
3,448968;0,0051;-0,0020;1,0012;1,001
3,449276;0,0046;-0,0015;1,0019;1,002
3,451765;0,0044;-0,0037;1,0024;1,002
3,453343;0,0044;-0,0024;1,0024;1,002
3,455173;0,0051;-0,0029;1,0012;1,001
3,456897;0,0044;-0,0034;1,0012;1,001
3,460759;0,0051;-0,0029;1,0017;1,002
3,461202;0,0054;-0,0017;1,0017;1,002
3,466625;0,0054;-0,0039;1,0014;1,001
3,467055;0,0051;-0,0039;1,0022;1,002
3,467269;0,0054;-0,0039;1,0022;1,002
3,469404;0,0061;-0,0046;1,0024;1,002
3,471427;0,0051;-0,0046;1,0019;1,002
3,473872;0,0064;-0,0037;1,0017;1,002
3,475631;0,0064;-0,0034;1,0019;1,002
3,480301;0,0061;-0,0024;1,0022;1,002
3,481255;0,0054;-0,0027;1,0024;1,002
3,481823;0,0059;-0,0032;1,0034;1,003
3,486731;0,0066;-0,0044;1,0024;1,002
3,487214;0,0068;-0,0042;1,0012;1,001
3,487459;0,0073;-0,0034;1,0014;1,001
3,490179;0,0071;-0,0029;1,0014;1,001
3,491157;0,0071;-0,0022;1,0012;1,001
3,494957;0,0073;-0,0024;1,0014;1,001
3,497359;0,0086;-0,0022;1,0005;1,001
3,497779;0,0076;-0,0027;1,0010;1,001
3,499718;0,0076;-0,0037;1,0014;1,001
3,501640;0,0068;-0,0039;1,0029;1,003
3,508655;0,0078;-0,0029;1,0027;1,003
3,509351;0,0078;-0,0029;1,0027;1,003
3,509917;0,0083;-0,0037;1,0024;1,002
3,510393;0,0086;-0,0027;1,0019;1,002
3,511886;0,0076;-0,0012;1,0017;1,002
3,513602;0,0071;-0,0012;1,0017;1,002
3,515231;0,0073;-0,0024;1,0010;1,001
3,517446;0,0068;-0,0037;1,0012;1,001
3,519531;0,0064;-0,0037;1,0014;1,001
3,521498;0,0056;-0,0039;1,0022;1,002
3,527278;0,0049;-0,0032;1,0007;1,001
3,527846;0,0049;-0,0032;1,0007;1,001
3,529049;0,0034;-0,0027;1,0010;1,001
3,529472;0,0037;-0,0024;1,0014;1,001
3,531076;0,0037;-0,0027;1,0022;1,002
3,533307;0,0032;-0,0029;1,0029;1,003
3,535556;0,0032;-0,0034;1,0029;1,003
3,537447;0,0054;-0,0034;1,0019;1,002
3,539379;0,0054;-0,0032;1,0014;1,001
3,542283;0,0042;-0,0032;1,0029;1,003
3,546865;0,0049;-0,0010;1,0024;1,002
3,547482;0,0049;-0,0010;1,0024;1,002
3,547740;0,0046;-0,0010;1,0019;1,002
3,550084;0,0051;-0,0017;1,0019;1,002
3,551576;0,0066;-0,0029;1,0027;1,003
3,553652;0,0039;-0,0022;1,0022;1,002
3,555400;0,0039;-0,0022;1,0022;1,002
3,557289;0,0029;-0,0020;1,0014;1,001
3,561032;0,0042;-0,0022;1,0012;1,001
3,563173;0,0066;-0,0020;1,0019;1,002
3,567451;0,0066;-0,0012;1,0022;1,002
3,568129;0,0066;-0,0012;1,0022;1,002
3,568374;0,0054;-0,0010;1,0010;1,001
3,569707;0,0042;-0,0010;1,0000;1,000
3,571509;0,0059;-0,0005;1,0014;1,001
3,573500;0,0076;-0,0007;1,0019;1,002
3,575774;0,0081;-0,0015;1,0024;1,002
3,579397;0,0225;0,0037;1,0061;1,006
3,579974;0,0530;0,0100;0,9856;0,987
3,582085;0,0398;-0,0012;0,9621;0,963
3,586763;-0,0459;-0,0112;1,0454;1,046
3,587228;-0,0459;-0,0112;1,0454;1,046
3,587421;-0,0247;-0,0046;1,0554;1,056
3,589942;0,0193;0,0039;1,0093;1,009
3,591733;0,0208;0,0044;0,9834;0,984
3,593873;-0,0017;-0,0029;0,9873;0,987
3,596490;-0,0068;-0,0066;1,0066;1,007
3,597172;0,0076;-0,0088;1,0166;1,017
3,599543;0,0122;-0,0066;1,0022;1,002
3,601691;0,0105;-0,0049;0,9978;0,998
3,606269;-0,0051;-0,0032;1,0019;1,002
3,606875;-0,0051;-0,0032;1,0019;1,002
3,607344;-0,0022;-0,0054;1,0044;1,004
3,611510;0,0083;-0,0056;1,0046;1,005
3,612191;0,0098;-0,0037;1,0044;1,004
3,613453;0,0061;-0,0012;1,0010;1,001
3,615215;0,0029;-0,0024;1,0000;1,000
3,617797;0,0020;-0,0039;1,0012;1,001
3,618945;0,0059;-0,0039;1,0027;1,003
3,620911;0,0064;-0,0034;1,0032;1,003
3,627515;0,0046;-0,0017;0,9988;0,999
3,628194;0,0046;-0,0017;0,9988;0,999
3,628518;0,0056;-0,0032;0,9980;0,998
3,629409;0,0059;-0,0037;1,0029;1,003
3,631081;0,0049;-0,0032;1,0046;1,005
3,632879;0,0037;-0,0029;1,0014;1,001
3,635429;0,0032;-0,0027;1,0010;1,001
3,637195;0,0042;-0,0032;1,0024;1,002
3,639382;0,0056;-0,0024;1,0039;1,004
3,641259;0,0049;-0,0020;1,0024;1,002
3,646788;0,0039;-0,0029;1,0027;1,003
3,647758;0,0039;-0,0029;1,0027;1,003
3,648234;0,0027;-0,0032;1,0032;1,003
3,649379;0,0012;-0,0022;1,0014;1,001
3,651326;0,0002;-0,0029;1,0012;1,001
3,653270;0,0032;-0,0037;1,0019;1,002
3,655493;0,0046;-0,0032;1,0017;1,002
3,657657;0,0042;-0,0037;1,0017;1,002
3,660780;0,0054;-0,0039;1,0029;1,003
3,661928;0,0046;-0,0049;1,0027;1,003
3,666899;0,0049;-0,0032;1,0032;1,003
3,667608;0,0049;-0,0032;1,0032;1,003
3,668054;0,0051;-0,0027;1,0024;1,002
3,669235;0,0044;-0,0039;1,0019;1,002
3,671283;0,0034;-0,0044;1,0022;1,002
3,673610;0,0034;-0,0044;1,0024;1,002
3,675560;0,0029;-0,0046;1,0024;1,002
3,678992;0,0037;-0,0044;1,0019;1,002
3,679807;0,0100;-0,0054;1,0034;1,003
3,682167;0,0078;-0,0049;1,0032;1,003
3,687149;-0,0007;-0,0015;1,0007;1,001
3,687506;0,0029;-0,0015;1,0012;1,001
3,687709;0,0029;-0,0015;1,0012;1,001
3,690102;0,0051;-0,0037;1,0039;1,004
3,691291;0,0022;-0,0032;1,0027;1,003
3,695130;0,0012;-0,0027;1,0014;1,001
3,695675;0,0017;-0,0027;1,0014;1,001
3,697492;0,0027;-0,0022;1,0022;1,002
3,699682;0,0029;-0,0024;1,0024;1,002
3,701691;0,0044;-0,0022;1,0019;1,002
3,707102;0,0029;-0,0022;1,0022;1,002
3,707518;0,0034;-0,0022;1,0022;1,002
3,707751;0,0034;-0,0027;1,0014;1,001
3,710623;0,0044;-0,0029;1,0014;1,001
3,711207;0,0017;-0,0029;0,9995;0,999
3,713601;0,0017;-0,0037;0,9997;1,000
3,715501;0,0034;-0,0042;1,0007;1,001
3,717628;0,0042;-0,0044;1,0012;1,001
3,719041;0,0037;-0,0044;1,0010;1,001
3,720730;0,0039;-0,0032;1,0014;1,001
3,728473;0,0042;-0,0032;1,0012;1,001
3,729404;0,0042;-0,0032;1,0012;1,001
3,729984;0,0039;-0,0037;1,0014;1,001
3,730460;0,0032;-0,0044;1,0024;1,002
3,732051;0,0022;-0,0032;1,0019;1,002
3,733388;0,0029;-0,0037;1,0019;1,002
3,735381;0,0044;-0,0032;1,0012;1,001
3,737339;0,0042;-0,0039;1,0012;1,001
3,739413;0,0032;-0,0024;1,0014;1,001
3,741750;0,0049;-0,0017;1,0007;1,001
3,747470;0,0059;-0,0034;1,0022;1,002
3,748260;0,0059;-0,0034;1,0022;1,002
3,750328;0,0044;-0,0034;1,0027;1,003
3,750756;0,0039;-0,0022;1,0027;1,003
3,750956;0,0037;-0,0029;1,0022;1,002
3,753462;0,0042;-0,0027;1,0024;1,002
3,754897;0,0039;-0,0056;1,0036;1,004
3,756768;0,0042;-0,0032;1,0032;1,003
3,759748;0,0054;-0,0042;1,0022;1,002
3,762536;0,0059;-0,0034;1,0012;1,001
3,766844;0,0056;-0,0012;1,0024;1,002
3,767566;0,0056;-0,0022;1,0024;1,002
3,768009;0,0056;-0,0027;1,0019;1,002
3,769631;0,0054;-0,0022;1,0019;1,002
3,771434;0,0054;-0,0024;1,0036;1,004
3,773549;0,0056;-0,0024;1,0032;1,003
3,775386;0,0039;-0,0037;1,0041;1,004
3,780114;0,0037;-0,0042;1,0002;1,000
3,781083;0,0037;-0,0044;0,9992;0,999
3,781674;0,0044;-0,0037;1,0022;1,002
3,786361;0,0046;-0,0015;1,0029;1,003
3,786865;0,0032;-0,0024;1,0012;1,001
3,787300;0,0029;-0,0029;1,0000;1,000
3,789213;0,0042;-0,0029;1,0005;1,000
3,791866;0,0039;-0,0022;1,0022;1,002
3,793512;0,0039;-0,0029;1,0017;1,002
3,795826;0,0039;-0,0029;1,0014;1,001
3,797392;0,0017;-0,0027;1,0014;1,001
3,799489;0,0015;-0,0032;1,0019;1,002
3,801864;0,0037;-0,0029;1,0027;1,003
3,807093;0,0037;-0,0029;1,0024;1,002
3,807730;0,0037;-0,0029;1,0024;1,002
3,808205;0,0034;-0,0024;1,0029;1,003
3,809891;0,0037;-0,0024;1,0029;1,003
3,812251;0,0020;-0,0034;1,0012;1,001
3,812826;0,0032;-0,0037;1,0007;1,001
3,815583;0,0032;-0,0042;1,0014;1,001
3,817598;0,0032;-0,0037;1,0019;1,002
3,819266;0,0032;-0,0042;1,0022;1,002
3,821430;0,0022;-0,0039;1,0032;1,003
3,826109;0,0022;-0,0039;1,0019;1,002
3,826451;0,0022;-0,0039;1,0019;1,002
3,828241;0,0010;-0,0032;1,0014;1,001
3,829600;0,0012;-0,0032;1,0012;1,001
3,831366;0,0039;-0,0007;1,0019;1,002
3,833466;0,0037;-0,0010;1,0007;1,001
3,835351;0,0032;-0,0005;1,0010;1,001
3,836703;0,0034;-0,0007;1,0029;1,003
3,841098;0,0027;-0,0010;1,0036;1,004
3,841895;0,0032;-0,0020;1,0036;1,004
3,846905;0,0049;-0,0037;1,0024;1,002
3,847536;0,0049;-0,0037;1,0024;1,002
3,847776;0,0049;-0,0029;1,0022;1,002
3,849689;0,0042;-0,0020;1,0019;1,002
3,851067;0,0066;-0,0022;1,0017;1,002
3,853119;0,0042;-0,0020;1,0012;1,001
3,855399;0,0029;-0,0022;1,0012;1,001
3,856839;0,0044;-0,0005;1,0019;1,002
3,859745;0,0056;-0,0010;1,0024;1,002
3,862847;0,0054;-0,0024;1,0027;1,003
3,867690;0,0024;-0,0027;1,0005;1,000
3,868352;0,0024;-0,0027;1,0005;1,000
3,868797;0,0024;-0,0022;1,0012;1,001
3,869255;0,0037;-0,0029;1,0027;1,003
3,871575;0,0027;-0,0039;1,0029;1,003
3,873390;0,0022;-0,0039;1,0024;1,002
3,875225;0,0022;-0,0029;1,0017;1,002
3,882203;0,0027;-0,0032;1,0002;1,000
3,883144;0,0037;-0,0046;1,0005;1,000
3,883647;0,0037;-0,0042;1,0012;1,001
3,887179;0,0017;-0,0037;1,0034;1,003
3,887631;0,0017;-0,0037;1,0034;1,003
3,887833;0,0010;-0,0037;1,0029;1,003
3,890120;0,0027;-0,0029;1,0019;1,002
3,891744;0,0024;-0,0024;1,0024;1,002
3,894814;0,0037;-0,0027;1,0022;1,002
3,896303;0,0037;-0,0034;1,0027;1,003
3,897924;0,0037;-0,0022;1,0024;1,002
3,898993;0,0117;-0,0029;1,0039;1,004
3,901024;0,0112;-0,0022;1,0036;1,004
3,906200;-0,0064;-0,0002;0,9988;0,999
3,906611;-0,0064;-0,0002;0,9988;0,999
3,906840;0,0002;-0,0020;1,0000;1,000
3,909337;0,0076;-0,0029;1,0054;1,005
3,914320;0,0064;-0,0029;1,0066;1,007
3,915303;0,0002;-0,0029;1,0019;1,002
3,915823;0,0037;-0,0015;1,0000;1,000
3,917493;0,0071;-0,0020;1,0032;1,003
3,919414;0,0107;-0,0027;1,0054;1,005
3,921216;0,0068;-0,0027;1,0036;1,004
3,926911;0,0034;-0,0020;1,0002;1,000
3,927246;0,0034;-0,0020;1,0002;1,000
3,927426;0,0034;-0,0020;1,0002;1,000
3,930003;0,0083;-0,0032;1,0032;1,003
3,931646;0,0105;-0,0027;1,0024;1,002
3,933937;0,0362;0,0056;1,0054;1,006
3,935103;0,0344;-0,0020;0,9795;0,980
3,937215;0,0015;-0,0112;0,9724;0,972
3,939289;-0,0503;-0,0159;1,0049;1,006
3,941232;-0,0469;-0,0098;1,0266;1,028
3,947039;0,0169;0,0034;0,9941;0,994
3,947603;0,0169;0,0034;0,9941;0,994
3,947849;0,0071;-0,0022;0,9887;0,989
3,949749;-0,0061;-0,0100;1,0058;1,006
3,951476;-0,0012;-0,0093;1,0115;1,012
3,953249;0,0112;-0,0044;1,0032;1,003
3,955325;0,0022;0,0005;0,9992;0,999
3,957585;-0,0015;0,0002;1,0005;1,000
3,960046;0,0010;-0,0046;1,0027;1,003
3,963828;0,0042;-0,0076;1,0032;1,003
3,966797;0,0017;-0,0034;1,0010;1,001
3,967172;0,0017;-0,0034;1,0010;1,001
3,967364;-0,0037;-0,0015;0,9990;0,999
3,969591;-0,0037;0,0002;0,9978;0,998
3,971428;0,0029;-0,0017;1,0005;1,000
3,973317;0,0046;-0,0049;1,0041;1,004
3,975526;0,0042;-0,0039;1,0029;1,003
3,977375;0,0037;-0,0034;1,0019;1,002
3,981099;0,0042;-0,0039;1,0027;1,003
3,981737;0,0005;-0,0027;1,0012;1,001
3,987306;0,0007;-0,0022;1,0017;1,002
3,988497;0,0029;-0,0027;1,0017;1,002
3,989044;0,0029;-0,0027;1,0017;1,002
3,989617;0,0054;-0,0039;1,0029;1,003
3,991043;0,0039;-0,0037;1,0032;1,003
3,993558;0,0022;-0,0027;1,0029;1,003
3,995820;0,0042;-0,0027;1,0022;1,002
3,998295;0,0066;-0,0020;1,0019;1,002
3,998969;0,0252;0,0020;1,0073;1,008
4,001555;0,0235;-0,0024;0,9890;0,989
4,006167;-0,0359;-0,0127;1,0007;1,001
4,006530;-0,0313;-0,0127;1,0144;1,015
4,006732;-0,0313;-0,0081;1,0144;1,015
4,009311;-0,0015;0,0034;1,0188;1,019
4,012180;0,0090;0,0032;0,9973;0,997
4,013402;0,0059;-0,0022;0,9922;0,992
4,015466;-0,0002;-0,0110;1,0017;1,002
4,017584;0,0010;-0,0112;1,0061;1,006
4,019446;0,0037;-0,0039;1,0024;1,002
4,020942;-0,0005;0,0022;0,9992;0,999
4,026673;0,0027;-0,0032;1,0044;1,004
4,027374;0,0039;-0,0032;1,0054;1,005
4,027847;0,0034;-0,0049;1,0054;1,005
4,030858;0,0015;-0,0039;1,0029;1,003
4,032003;0,0002;-0,0002;1,0022;1,002
4,033490;-0,0007;0,0007;1,0017;1,002
4,035596;0,0010;-0,0012;1,0044;1,004
4,037425;0,0210;0,0010;1,0095;1,010
4,040069;0,0276;0,0012;1,0032;1,004
4,041512;0,0020;-0,0054;0,9885;0,989
4,047799;-0,0203;-0,0029;1,0122;1,012
4,048407;-0,0203;-0,0029;1,0122;1,012
4,048627;-0,0088;0,0007;1,0127;1,013
4,050377;-0,0002;0,0024;1,0090;1,009
4,051180;0,0037;-0,0027;1,0017;1,002
4,053440;0,0027;-0,0073;1,0014;1,001
4,055388;0,0015;-0,0088;1,0029;1,003
4,057264;-0,0010;-0,0010;1,0022;1,002
4,059514;-0,0010;0,0024;1,0017;1,002
4,063539;-0,0005;0,0002;1,0012;1,001
4,066619;0,0027;-0,0064;1,0046;1,005
4,067046;0,0027;-0,0061;1,0034;1,003
4,067242;0,0012;-0,0051;1,0022;1,002
4,069482;0,0002;-0,0042;1,0019;1,002
4,071706;0,0100;0,0000;1,0075;1,008
4,073840;0,0249;0,0037;1,0102;1,011
4,075764;0,0178;-0,0015;0,9963;0,996
4,077898;-0,0232;-0,0086;0,9926;0,993
4,081106;-0,0313;-0,0073;0,9968;0,997
4,081497;-0,0156;0,0007;1,0068;1,007
4,086858;-0,0017;-0,0032;1,0017;1,002
4,087451;-0,0017;-0,0032;1,0017;1,002
4,087804;-0,0059;-0,0071;1,0012;1,001
4,088999;-0,0078;-0,0081;1,0017;1,002
4,091438;-0,0034;-0,0015;1,0014;1,001
4,093927;-0,0012;0,0012;1,0024;1,002
4,097326;-0,0005;0,0002;1,0041;1,004
4,098439;0,0066;0,0000;1,0078;1,008
4,099292;0,0156;0,0012;1,0100;1,010
4,101979;0,0193;-0,0017;1,0046;1,005
4,107523;-0,0279;-0,0054;0,9880;0,988
4,107962;-0,0279;-0,0054;0,9880;0,988
4,108136;-0,0242;-0,0032;0,9914;0,992
4,110003;-0,0144;-0,0010;1,0005;1,001
4,111480;0,0076;0,0000;1,0159;1,016
4,113584;0,0107;-0,0056;1,0068;1,007
4,115762;0,0059;-0,0076;1,0005;1,001
4,117244;-0,0022;-0,0034;0,9980;0,998
4,120076;-0,0042;0,0000;1,0007;1,001
4,121675;-0,0020;0,0002;1,0049;1,005
4,127177;-0,0071;-0,0042;1,0012;1,001
4,127872;-0,0071;-0,0042;1,0012;1,001
4,128341;-0,0061;-0,0032;1,0017;1,002
4,130604;-0,0051;-0,0034;1,0010;1,001
4,132417;-0,0015;-0,0027;1,0041;1,004
4,134576;-0,0022;-0,0039;1,0039;1,004
4,134955;-0,0051;-0,0032;1,0002;1,000
4,137568;-0,0059;-0,0027;0,9992;0,999
4,139714;-0,0056;-0,0032;1,0017;1,002
4,141687;-0,0059;-0,0037;1,0027;1,003
4,147676;-0,0015;-0,0020;1,0051;1,005
4,148260;-0,0015;-0,0020;1,0051;1,005
4,148500;-0,0002;-0,0029;1,0046;1,005
4,149847;-0,0044;-0,0034;1,0022;1,002
4,151726;-0,0054;-0,0024;1,0019;1,002
4,153801;-0,0022;-0,0012;1,0014;1,001
4,155528;-0,0022;-0,0020;1,0014;1,001
4,157483;-0,0044;-0,0042;1,0032;1,003
4,159366;-0,0054;-0,0020;0,9997;1,000
4,161436;-0,0066;-0,0005;0,9990;0,999
4,167740;-0,0032;-0,0015;1,0046;1,005
4,168266;-0,0032;-0,0015;1,0046;1,005
4,168553;-0,0022;-0,0022;1,0046;1,005
4,169280;-0,0027;-0,0046;0,9990;0,999
4,171012;-0,0064;-0,0054;0,9953;0,995
4,173004;-0,0107;-0,0042;1,0005;1,001
4,175777;-0,0076;-0,0017;1,0029;1,003
4,177314;0,0000;0,0005;1,0027;1,003
4,185554;0,0176;-0,0210;0,9997;1,000
4,186436;0,0208;-0,0327;1,0014;1,002
4,186763;-0,0371;0,0191;0,9878;0,989
4,187003;-0,0371;0,0191;0,9878;0,989
4,187320;-0,0232;0,0186;0,9882;0,989
4,189899;0,0044;0,0056;1,0117;1,012
4,193213;0,0098;-0,0002;1,0185;1,019
4,193428;0,0103;-0,0039;1,0107;1,011
4,195664;0,0103;-0,0022;1,0027;1,003
4,198859;0,0396;-0,0098;1,0159;1,017
4,199246;0,1226;-0,0154;1,0581;1,065
4,200880;0,1109;-0,0071;1,0447;1,051
4,206342;-0,0391;-0,0093;0,9123;0,913
4,206713;-0,0391;-0,0093;0,9123;0,913
4,206862;-0,0757;-0,0044;0,8959;0,899
4,209290;-0,1094;0,0210;0,9880;0,994
4,210952;-0,0963;0,0237;1,0444;1,049
4,213376;-0,0237;-0,0061;1,0503;1,051
4,216488;0,0235;-0,0362;0,9853;0,986
4,217484;0,0171;-0,0322;0,9790;0,980
4,219843;-0,0046;0,0068;1,0112;1,011
4,221168;-0,0107;0,0188;1,0173;1,018
4,227096;-0,0088;-0,0110;0,9917;0,992
4,227395;-0,0034;-0,0137;0,9966;0,997
4,227565;-0,0034;-0,0137;0,9966;0,997
4,230237;-0,0002;-0,0107;1,0093;1,009
4,231965;-0,0007;-0,0051;1,0117;1,012
4,233282;-0,0039;0,0020;1,0061;1,006
4,235425;-0,0081;-0,0012;0,9970;0,997
4,237027;-0,0076;-0,0034;0,9975;0,998
4,239584;-0,0046;-0,0024;1,0007;1,001
4,241624;-0,0034;-0,0017;1,0029;1,003
4,250860;-0,0076;-0,0034;1,0034;1,003
4,251874;-0,0076;-0,0034;1,0034;1,003
4,252399;-0,0112;-0,0044;1,0022;1,002
4,252882;-0,0134;-0,0054;1,0014;1,002
4,253328;-0,0103;-0,0056;1,0005;1,001
4,253829;-0,0061;-0,0061;1,0012;1,001
4,255093;-0,0034;-0,0039;1,0049;1,005
4,256961;-0,0032;-0,0029;1,0039;1,004
4,259502;-0,0066;-0,0027;0,9997;1,000
4,261865;-0,0056;-0,0020;1,0007;1,001
4,267750;-0,0049;-0,0005;1,0024;1,002
4,268195;-0,0049;-0,0005;1,0024;1,002
4,268388;-0,0054;-0,0015;1,0022;1,002
4,270077;-0,0034;-0,0032;1,0010;1,001
4,271002;-0,0056;-0,0042;0,9995;1,000
4,273353;-0,0059;-0,0022;1,0012;1,001
4,275470;-0,0042;-0,0027;1,0041;1,004
4,277633;-0,0037;-0,0034;1,0034;1,003
4,282170;-0,0034;-0,0017;1,0034;1,003
4,283767;-0,0017;-0,0027;1,0027;1,003
4,288589;-0,0046;-0,0024;1,0022;1,002
4,289765;-0,0046;-0,0024;1,0022;1,002
4,290291;-0,0046;-0,0024;1,0022;1,002
4,290793;-0,0027;-0,0024;1,0029;1,003
4,294434;-0,0010;-0,0034;1,0005;1,000
4,294920;-0,0022;-0,0029;1,0010;1,001
4,295871;-0,0039;-0,0010;1,0029;1,003
4,300219;-0,0029;-0,0012;1,0036;1,004
4,301471;-0,0037;-0,0032;1,0027;1,003
4,302141;-0,0046;-0,0037;1,0010;1,001
4,306560;-0,0032;-0,0020;1,0019;1,002
4,306974;-0,0029;-0,0012;1,0012;1,001
4,307159;-0,0029;-0,0012;1,0012;1,001
4,309366;-0,0015;-0,0007;1,0010;1,001
4,311461;-0,0034;-0,0020;0,9992;0,999
4,314534;-0,0032;-0,0029;1,0002;1,000
4,316155;-0,0022;-0,0002;1,0032;1,003
4,318638;-0,0007;-0,0002;1,0022;1,002
4,320854;-0,0012;-0,0029;1,0022;1,002
4,324017;-0,0029;-0,0046;1,0036;1,004
4,326118;-0,0056;-0,0046;1,0022;1,002
4,326421;-0,0056;-0,0049;1,0019;1,002
4,326650;-0,0046;-0,0046;1,0012;1,001
4,329362;-0,0049;-0,0042;1,0005;1,000
4,331580;-0,0042;-0,0037;0,9995;1,000
4,334117;-0,0039;-0,0034;1,0000;1,000
4,335343;-0,0032;-0,0024;1,0014;1,001
4,337150;-0,0037;-0,0024;1,0014;1,001
4,339207;-0,0039;-0,0034;1,0005;1,000
4,341288;-0,0049;-0,0044;0,9997;1,000
4,348811;-0,0020;-0,0044;1,0027;1,003
4,350037;-0,0020;-0,0044;1,0027;1,003
4,351017;-0,0027;-0,0042;1,0029;1,003
4,351255;-0,0042;-0,0042;1,0014;1,001
4,351447;-0,0059;-0,0059;0,9924;0,992
4,353747;-0,0083;-0,0054;0,9829;0,983
4,355687;-0,0076;-0,0017;0,9956;0,996
4,357328;-0,0005;0,0010;1,0244;1,024
4,359234;0,0032;0,0007;1,0256;1,026
4,361345;0,0002;-0,0034;1,0093;1,009
4,366205;-0,0088;-0,0024;0,9936;0,994
4,366747;-0,0088;-0,0024;0,9936;0,994
4,369094;-0,0078;-0,0032;0,9978;0,998
4,369702;-0,0066;-0,0032;1,0029;1,003
4,374406;-0,0032;-0,0017;1,0080;1,008
4,374872;-0,0039;-0,0015;1,0049;1,005
4,375117;-0,0054;-0,0027;1,0027;1,003
4,378120;-0,0064;-0,0044;0,9975;0,998
4,381385;-0,0051;-0,0044;0,9983;0,998
4,382134;-0,0049;-0,0020;1,0039;1,004
4,387498;-0,0042;-0,0017;1,0036;1,004
4,388078;-0,0042;-0,0017;1,0036;1,004
4,388275;-0,0042;-0,0015;1,0024;1,002
4,393803;-0,0042;-0,0015;1,0019;1,002
4,394395;-0,0044;-0,0002;1,0019;1,002
4,394624;-0,0042;-0,0005;1,0036;1,004
4,395311;-0,0037;-0,0012;1,0049;1,005
4,399506;-0,0034;-0,0022;1,0041;1,004
4,400170;-0,0037;-0,0029;1,0034;1,003
4,401117;-0,0049;-0,0027;1,0027;1,003
4,406317;-0,0042;-0,0010;1,0027;1,003
4,406691;-0,0042;-0,0010;1,0027;1,003
4,406964;-0,0034;-0,0005;1,0022;1,002
4,408803;-0,0029;-0,0015;1,0024;1,002
4,410887;-0,0037;-0,0034;1,0032;1,003
4,413744;-0,0032;-0,0022;1,0029;1,003
4,415892;-0,0020;-0,0029;1,0022;1,002
4,416993;-0,0029;-0,0029;1,0024;1,002
4,419247;-0,0022;-0,0029;1,0024;1,002
4,421084;-0,0022;-0,0032;1,0019;1,002
4,426029;-0,0010;-0,0046;1,0034;1,003
4,426318;-0,0010;-0,0046;1,0034;1,003
4,426944;-0,0022;-0,0039;1,0027;1,003
4,428751;-0,0042;-0,0037;1,0012;1,001
4,431078;-0,0042;-0,0049;1,0017;1,002
4,433704;-0,0044;-0,0044;1,0034;1,003
4,435021;-0,0037;-0,0034;1,0027;1,003
4,436704;-0,0020;-0,0029;1,0022;1,002
4,438610;-0,0022;-0,0024;1,0032;1,003
4,440779;-0,0020;-0,0037;1,0034;1,003
4,447627;-0,0037;-0,0054;1,0027;1,003
4,448094;-0,0037;-0,0054;1,0027;1,003
4,448356;-0,0039;-0,0037;1,0024;1,002
4,450222;-0,0037;-0,0037;1,0019;1,002
4,450817;-0,0034;-0,0029;1,0005;1,000
4,454214;-0,0044;-0,0010;1,0005;1,000
4,455261;-0,0042;-0,0024;1,0005;1,000
4,457224;-0,0020;-0,0024;1,0017;1,002
4,459415;-0,0020;-0,0015;1,0036;1,004
4,461403;-0,0037;-0,0012;1,0034;1,003
4,467560;-0,0073;-0,0027;1,0017;1,002
4,468294;-0,0068;-0,0020;1,0014;1,001
4,468754;-0,0068;-0,0020;1,0014;1,001
4,469196;-0,0068;-0,0029;1,0017;1,002
4,472297;-0,0061;-0,0037;1,0022;1,002
4,472640;-0,0059;-0,0042;1,0041;1,004
4,476395;-0,0059;-0,0037;1,0039;1,004
4,477066;-0,0046;-0,0037;1,0022;1,002
4,479399;-0,0068;-0,0029;1,0022;1,002
4,483112;-0,0061;-0,0027;1,0019;1,002
4,487304;-0,0059;-0,0029;1,0034;1,003
4,488051;-0,0059;-0,0029;1,0034;1,003
4,488845;-0,0061;-0,0032;1,0036;1,004
4,489943;-0,0051;-0,0039;1,0022;1,002
4,491744;-0,0039;-0,0039;1,0022;1,002
4,493502;-0,0049;-0,0022;1,0029;1,003
4,495540;-0,0051;-0,0015;1,0024;1,002
4,498400;-0,0064;-0,0012;1,0027;1,003
4,500045;-0,0054;-0,0022;1,0027;1,003
4,501655;-0,0042;-0,0037;1,0024;1,002
4,506248;-0,0056;-0,0029;1,0029;1,003
4,506756;-0,0056;-0,0029;1,0029;1,003
4,507034;-0,0044;-0,0027;1,0032;1,003
4,509355;-0,0042;-0,0029;1,0036;1,004
4,510663;-0,0037;-0,0022;1,0019;1,002
4,514166;-0,0034;-0,0017;1,0005;1,000
4,515310;-0,0020;-0,0049;1,0024;1,002
4,516963;-0,0029;-0,0054;1,0032;1,003
4,519544;-0,0039;-0,0037;1,0044;1,004
4,521011;-0,0037;-0,0037;1,0036;1,004
4,526871;-0,0051;-0,0032;1,0029;1,003
4,527505;-0,0039;-0,0037;1,0027;1,003
4,527999;-0,0039;-0,0037;1,0027;1,003
4,529694;-0,0029;-0,0044;1,0014;1,001
4,531876;-0,0029;-0,0046;1,0012;1,001
4,533080;-0,0024;-0,0042;1,0024;1,002
4,535422;-0,0034;-0,0027;1,0027;1,003
4,537318;-0,0034;-0,0034;1,0027;1,003
4,539336;-0,0020;-0,0046;1,0029;1,003
4,541692;-0,0032;-0,0049;1,0014;1,001
4,546161;-0,0017;-0,0042;1,0012;1,001
4,546519;-0,0017;-0,0042;1,0012;1,001
4,548389;-0,0024;-0,0032;1,0012;1,001
4,548935;-0,0032;-0,0010;1,0024;1,002
4,551480;-0,0024;-0,0032;1,0024;1,002
4,553278;-0,0024;-0,0037;1,0029;1,003
4,555218;-0,0022;-0,0046;1,0032;1,003
4,557284;-0,0017;-0,0046;1,0027;1,003
4,559235;-0,0017;-0,0037;1,0007;1,001
4,561475;-0,0020;-0,0032;1,0002;1,000
4,566144;-0,0012;-0,0017;1,0017;1,002
4,566545;-0,0012;-0,0017;1,0017;1,002
4,566734;-0,0020;-0,0015;1,0022;1,002
4,569960;-0,0024;0,0002;1,0017;1,002
4,571325;-0,0046;-0,0020;1,0024;1,002
4,573302;-0,0046;-0,0039;1,0024;1,002
4,575514;-0,0046;-0,0022;1,0029;1,003
4,577197;-0,0049;-0,0017;1,0027;1,003
4,579367;-0,0037;-0,0015;1,0017;1,002
4,584216;-0,0039;-0,0017;1,0032;1,003
4,587150;-0,0044;-0,0032;1,0032;1,003
4,587894;-0,0044;-0,0032;1,0032;1,003
4,590342;-0,0044;-0,0032;1,0032;1,003
4,590918;-0,0037;-0,0034;1,0019;1,002
4,591275;-0,0039;-0,0034;1,0027;1,003
4,593694;-0,0039;-0,0032;1,0034;1,003
4,595329;-0,0037;-0,0034;1,0022;1,002
4,597153;-0,0056;-0,0027;1,0022;1,002
4,599913;-0,0066;-0,0024;1,0017;1,002
4,601390;-0,0071;-0,0020;1,0024;1,002
4,606338;-0,0064;-0,0020;1,0027;1,003
4,607045;-0,0061;-0,0017;1,0024;1,002
4,607503;-0,0056;-0,0024;1,0024;1,002
4,609628;-0,0051;-0,0029;1,0032;1,003
4,611172;-0,0056;-0,0042;1,0029;1,003
4,613243;-0,0059;-0,0034;1,0029;1,003
4,615545;-0,0044;-0,0024;1,0019;1,002
4,617652;-0,0049;-0,0024;1,0032;1,003
4,619278;-0,0064;-0,0015;1,0036;1,004
4,621349;-0,0064;-0,0010;1,0032;1,003
4,626831;-0,0061;-0,0010;1,0022;1,002
4,627492;-0,0061;-0,0017;1,0039;1,004
4,627942;-0,0061;-0,0022;1,0041;1,004
4,629674;-0,0061;-0,0029;1,0034;1,003
4,632129;-0,0064;-0,0024;1,0022;1,002
4,633212;-0,0051;-0,0037;1,0027;1,003
4,635372;-0,0042;-0,0034;1,0039;1,004
4,637325;-0,0037;-0,0024;1,0024;1,002
4,639283;-0,0039;-0,0024;1,0022;1,002
4,640679;-0,0042;-0,0024;1,0022;1,002
4,647308;-0,0042;-0,0022;1,0024;1,002
4,647920;-0,0042;-0,0022;1,0024;1,002
4,648396;-0,0027;-0,0039;1,0022;1,002
4,650220;-0,0015;-0,0051;1,0017;1,002
4,651070;-0,0037;-0,0049;1,0017;1,002
4,653486;-0,0044;-0,0034;1,0017;1,002
4,655542;-0,0034;-0,0020;1,0014;1,001
4,657360;-0,0022;-0,0029;1,0017;1,002
4,659346;-0,0012;-0,0042;1,0010;1,001
4,661257;-0,0015;-0,0024;0,9997;1,000
4,667350;-0,0005;-0,0024;1,0017;1,002
4,667746;-0,0005;-0,0024;1,0017;1,002
4,667944;-0,0010;-0,0027;1,0012;1,001
4,669587;-0,0020;-0,0032;1,0010;1,001
4,671605;-0,0027;-0,0039;1,0022;1,002
4,673769;-0,0027;-0,0037;1,0049;1,005
4,675544;-0,0027;-0,0042;1,0044;1,004
4,677429;-0,0046;-0,0034;1,0032;1,003
4,679673;-0,0054;-0,0042;1,0029;1,003
4,684029;-0,0037;-0,0049;1,0029;1,003
4,686993;-0,0024;-0,0032;1,0024;1,002
4,687457;-0,0024;-0,0032;1,0024;1,002
4,687676;-0,0029;-0,0024;1,0024;1,002
4,690096;-0,0034;-0,0022;1,0032;1,003
4,691503;-0,0042;-0,0012;1,0041;1,004
4,693860;-0,0059;-0,0029;1,0007;1,001
4,695527;-0,0054;-0,0042;1,0005;1,000
4,699235;-0,0056;-0,0029;1,0017;1,002
4,700216;-0,0054;-0,0022;1,0017;1,002
4,701298;-0,0015;-0,0022;0,9990;0,999
4,706966;-0,0054;-0,0022;1,0024;1,002
4,707404;-0,0054;-0,0022;1,0024;1,002
4,707606;-0,0061;-0,0027;0,9985;0,999
4,709556;-0,0078;-0,0015;0,9975;0,998
4,711303;-0,0081;-0,0010;1,0029;1,003
4,713233;-0,0039;-0,0037;1,0017;1,002
4,716257;-0,0034;-0,0032;1,0032;1,003
4,719387;-0,0049;-0,0032;1,0051;1,005
4,725572;-0,0059;-0,0029;1,0034;1,003
4,725950;-0,0054;-0,0032;1,0032;1,003
4,726120;-0,0022;-0,0037;1,0036;1,004
4,726283;-0,0022;-0,0037;1,0036;1,004
4,727305;-0,0020;-0,0039;1,0029;1,003
4,729167;-0,0046;-0,0022;1,0022;1,002
4,732917;-0,0056;-0,0007;1,0024;1,002
4,733665;-0,0039;-0,0007;1,0027;1,003
4,735235;-0,0042;-0,0012;1,0022;1,002
4,736887;-0,0042;-0,0015;1,0029;1,003
4,738826;-0,0039;-0,0022;1,0029;1,003
4,741238;-0,0032;-0,0022;1,0022;1,002
4,746852;-0,0027;-0,0020;1,0032;1,003
4,747437;-0,0027;-0,0020;1,0032;1,003
4,747776;-0,0039;-0,0015;1,0036;1,004
4,750058;-0,0049;-0,0017;1,0029;1,003
4,751035;-0,0042;-0,0024;1,0032;1,003
4,753208;-0,0034;-0,0034;1,0024;1,002
4,754968;-0,0037;-0,0032;1,0019;1,002
4,756632;-0,0044;-0,0017;1,0019;1,002
4,759720;-0,0049;-0,0022;1,0032;1,003
4,760772;-0,0049;-0,0020;1,0029;1,003
4,767307;-0,0037;-0,0017;1,0029;1,003
4,767932;-0,0044;-0,0017;1,0029;1,003
4,768165;-0,0044;-0,0022;1,0034;1,003
4,769259;-0,0066;-0,0015;1,0029;1,003
4,770956;-0,0078;-0,0015;1,0034;1,003
4,772746;-0,0078;-0,0027;1,0029;1,003
4,775365;-0,0078;-0,0037;1,0012;1,001
4,776572;-0,0076;-0,0051;1,0010;1,001
4,778560;-0,0073;-0,0039;0,9995;1,000
4,784606;-0,0068;-0,0024;1,0005;1,000
4,786604;-0,0024;-0,0027;1,0032;1,003
4,787069;-0,0024;-0,0027;1,0032;1,003
4,787287;-0,0022;-0,0022;1,0029;1,003
4,790215;-0,0024;-0,0024;1,0019;1,002
4,790674;-0,0020;-0,0029;1,0024;1,002
4,792697;-0,0024;-0,0020;1,0032;1,003
4,795033;-0,0044;-0,0034;1,0019;1,002
4,797270;-0,0039;-0,0022;1,0014;1,001
4,799566;-0,0039;-0,0015;1,0017;1,002
4,801577;-0,0042;-0,0017;1,0022;1,002
4,806165;-0,0034;-0,0024;1,0039;1,004
4,806526;-0,0034;-0,0024;1,0039;1,004
4,806730;-0,0034;-0,0027;1,0046;1,005
4,809046;-0,0044;-0,0020;1,0036;1,004
4,811512;-0,0034;-0,0017;1,0027;1,003
4,812935;-0,0020;-0,0020;1,0014;1,001
4,814996;-0,0005;-0,0020;1,0019;1,002
